0 -2.37282352941176
5.33e-05 -2.44866666666667
0.000107 -2.44863157894737
0.00016 -2.4164
0.000213 -2.41790476190476
0.000266 -2.41927272727273
0.00032 -2.39252173913044
0.000373 -2.368
0.000426 -0.258000000000001
0.00048 4.812
0.000533 9.64955555555556
0.000586 14.2106428571429
0.00064 18.4793793103448
0.000693 22.3991333333333
0.000746 26.0867741935484
0.000799 29.5439375
0.000853 32.7915757575758
0.000906 35.8481764705882
0.000959 39.9412352941176
0.001013 44.034294117647
0.001066 48.1084117647058
0.001119 52.2204117647058
0.001173 56.3514117647058
0.001226 60.4255294117647
0.001279 64.5375882352941
0.001332 68.6875294117647
0.001386 72.7805882352941
0.001439 76.8547058823529
0.001492 80.9667647058823
0.001546 85.0787647058823
0.001599 89.1718235294117
0.001652 93.2838235294117
0.001706 97.3579411764706
0.001759 101.432058823529
0.001812 105.544117647059
0.001865 109.694058823529
0.001919 113.806058823529
0.001972 117.861235294118
0.002025 121.954294117647
0.002079 126.085235294118
0.002132 130.159352941176
0.002185 134.252411764706
0.002239 136.791647058824
0.002292 136.943235294118
0.002345 137.000117647059
0.002398 137.000117647059
0.002452 136.943294117647
0.002505 136.981176470588
0.002558 137.019058823529
0.002612 137.019058823529
0.002665 137.038
0.002718 137.094823529412
0.002772 137.094823529412
0.002825 137.094823529412
0.002878 137.113764705882
0.002931 137.094823529412
0.002985 137.075882352941
0.003038 137.075882352941
0.003091 137.094823529412
0.003145 137.075882352941
0.003198 137.094823529412
0.003251 137.094823529412
0.003305 137.094823529412
0.003358 137.075882352941
0.003411 137.094823529412
0.003464 137.075882352941
0.003518 137.056941176471
0.003571 137.075882352941
0.003624 137.075882352941
0.003678 137.113764705882
0.003731 137.094823529412
0.003784 137.151647058824
0.003838 137.151647058824
0.003891 137.113764705882
0.003944 137.132705882353
0.003997 137.113764705882
0.004051 137.113764705882
0.004104 137.151647058824
0.004157 137.151647058824
0.004211 137.189529411765
0.004264 137.208470588235
0.004317 137.189529411765
0.004371 137.132705882353
0.004424 137.132705882353
0.004477 137.094823529412
0.00453 137.019058823529
0.004584 136.981176470588
0.004637 136.981176470588
0.00469 136.943294117647
0.004744 136.924352941176
0.004797 136.924352941176
0.00485 136.905411764706
0.004904 136.867529411765
0.004957 136.848588235294
0.00501 136.810705882353
0.005063 136.791764705882
0.005117 136.829647058824
0.00517 136.829647058824
0.005223 136.810705882353
0.005277 136.848588235294
0.00533 136.886470588235
0.005383 136.886470588235
0.005437 136.886470588235
0.00549 136.810705882353
0.005543 136.848588235294
0.005596 136.829647058824
0.00565 136.829647058824
0.005703 136.829647058824
0.005756 136.791764705882
0.00581 136.791764705882
0.005863 136.810705882353
0.005916 136.772823529412
0.00597 136.715941176471
0.006023 136.659117647059
0.006076 136.659117647059
0.006129 136.659117647059
0.006183 136.678058823529
0.006236 136.678058823529
0.006289 136.715941176471
0.006343 136.734882352941
0.006396 136.753823529412
0.006449 136.753823529412
0.006503 136.772764705882
0.006556 136.791705882353
0.006609 136.772764705882
0.006662 136.829588235294
0.006716 136.867470588235
0.006769 136.867470588235
0.006822 136.886411764706
0.006876 136.905352941176
0.006929 136.867470588235
0.006982 136.886411764706
0.007036 136.886411764706
0.007089 136.848529411765
0.007142 136.829588235294
0.007195 136.829588235294
0.007249 136.829588235294
0.007302 136.848529411765
0.007355 136.810647058823
0.007409 136.810647058824
0.007462 136.791705882353
0.007515 136.829588235294
0.007569 136.829588235294
0.007622 136.810647058823
0.007675 136.810647058823
0.007728 136.810647058824
0.007782 136.867529411765
0.007835 136.867529411765
0.007888 136.886470588235
0.007942 136.905411764706
0.007995 136.924352941176
0.008048 136.943294117647
0.008102 136.943294117647
0.008155 136.962235294118
0.008208 136.962235294118
0.008261 136.981176470588
0.008315 136.981176470588
0.008368 136.962235294118
0.008421 137.019058823529
0.008475 137.000117647059
0.008528 137.000117647059
0.008581 137.019058823529
0.008635 137.000117647059
0.008688 137.019058823529
0.008741 137.038
0.008794 137.038
0.008848 137.038
0.008901 137.038
0.008954 137.038
0.009008 137.038
0.009061 137.038
0.009114 137.038
0.009168 137.075882352941
0.009221 137.056941176471
0.009274 137.075882352941
0.009327 137.056941176471
0.009381 137.094823529412
0.009434 137.113764705882
0.009487 137.094823529412
0.009541 137.094823529412
0.009594 137.075882352941
0.009647 137.113764705882
0.009701 137.094823529412
0.009754 137.056941176471
0.009807 137.038
0.00986 137.000117647059
0.009914 136.981176470588
0.009967 136.943294117647
0.01002 136.943294117647
0.010074 136.905411764706
0.010127 136.943294117647
0.01018 136.981176470588
0.010234 136.981176470588
0.010287 136.981176470588
0.01034 136.962235294118
0.010393 136.943294117647
0.010447 137.000117647059
0.0105 137.019058823529
0.010553 137.000117647059
0.010607 136.962235294118
0.01066 136.981176470588
0.010713 137.000117647059
0.010767 137.000117647059
0.01082 137.000117647059
0.010873 137.019058823529
0.010926 137.038
0.01098 137.000117647059
0.011033 137.019058823529
0.011086 137.038
0.01114 137.038
0.011193 137.019058823529
0.011246 137.019058823529
0.0113 137.038
0.011353 137.038
0.011406 137.038
0.011459 137.038
0.011513 137.038
0.011566 137.075882352941
0.011619 137.113764705882
0.011673 137.170588235294
0.011726 137.208470588235
0.011779 137.227411764706
0.011833 137.227411764706
0.011886 137.246352941176
0.011939 137.227411764706
0.011992 137.227411764706
0.012046 137.189529411765
0.012099 137.189529411765
0.012152 137.208470588235
0.012206 137.189529411765
0.012259 137.170588235294
0.012312 137.132705882353
0.012366 137.113764705882
0.012419 137.151647058824
0.012472 137.151647058824
0.012525 137.151647058823
0.012579 137.170588235294
0.012632 137.170588235294
0.012685 137.151647058823
0.012739 137.170588235294
0.012792 137.189529411765
0.012845 137.170588235294
0.012899 137.170588235294
0.012952 137.151647058824
0.013005 137.170588235294
0.013058 137.189529411765
0.013112 137.189529411765
0.013165 137.208470588235
0.013218 137.208470588235
0.013272 137.151647058824
0.013325 137.170588235294
0.013378 137.170588235294
0.013432 137.151647058824
0.013485 137.113764705882
0.013538 137.075882352941
0.013591 137.075882352941
0.013645 137.075882352941
0.013698 137.094823529412
0.013751 137.075882352941
0.013805 137.056941176471
0.013858 137.075882352941
0.013911 137.056941176471
0.013965 137.019058823529
0.014018 137.075882352941
0.014071 137.056941176471
0.014124 137.056941176471
0.014178 137.075882352941
0.014231 137.075882352941
0.014284 137.075882352941
0.014338 137.075882352941
0.014391 137.056941176471
0.014444 137.000058823529
0.014498 137.037941176471
0.014551 137.000058823529
0.014604 137.019
0.014657 137.019
0.014711 136.981117647059
0.014764 136.981117647059
0.014817 136.943235294118
0.014871 136.924294117647
0.014924 136.924294117647
0.014977 136.924294117647
0.015031 136.924294117647
0.015084 137.000058823529
0.015137 136.981117647059
0.01519 136.981117647059
0.015244 136.962176470588
0.015297 136.981117647059
0.01535 137.000058823529
0.015404 137.000058823529
0.015457 137.037941176471
0.01551 137.019
0.015564 137.019
0.015617 136.981117647059
0.01567 136.962176470588
0.015723 137.000058823529
0.015777 137.037941176471
0.01583 137.000058823529
0.015883 137.019
0.015937 137.037941176471
0.01599 137.056882352941
0.016043 137.037941176471
0.016097 137.037941176471
0.01615 137.019
0.016203 137.037941176471
0.016256 137.094823529412
0.01631 137.056941176471
0.016363 137.094823529412
0.016416 137.075882352941
0.01647 137.094823529412
0.016523 137.113764705882
0.016576 137.113764705882
0.01663 137.132705882353
0.016683 137.170588235294
0.016736 137.151647058824
0.016789 137.132705882353
0.016843 137.132705882353
0.016896 137.094823529412
0.016949 137.094823529412
0.017003 137.075882352941
0.017056 137.056941176471
0.017109 137.075882352941
0.017163 137.094823529412
0.017216 137.094823529412
0.017269 137.056941176471
0.017322 137.056941176471
0.017376 137.075882352941
0.017429 137.094823529412
0.017482 137.113764705882
0.017536 137.094823529412
0.017589 137.056941176471
0.017642 137.075882352941
0.017696 137.075882352941
0.017749 137.075882352941
0.017802 137.056941176471
0.017855 137.075882352941
0.017909 137.056941176471
0.017962 137.094823529412
0.018015 137.094823529412
0.018069 137.075882352941
0.018122 137.056941176471
0.018175 137.019058823529
0.018229 137.038
0.018282 137.038
0.018335 137.038
0.018388 137.056941176471
0.018442 137.075882352941
0.018495 137.038
0.018548 137.056941176471
0.018602 137.056941176471
0.018655 137.075882352941
0.018708 137.075882352941
0.018762 137.056941176471
0.018815 137.094823529412
0.018868 137.094823529412
0.018921 137.075882352941
0.018975 137.038
0.019028 137.056941176471
0.019081 137.038
0.019135 137.038
0.019188 137.075882352941
0.019241 137.075882352941
0.019295 137.094823529412
0.019348 137.056941176471
0.019401 137.056941176471
0.019454 137.056941176471
0.019508 137.019058823529
0.019561 137.019058823529
0.019614 137.000117647059
0.019668 137.000117647059
0.019721 137.038
0.019774 137.038
0.019828 137.000117647059
0.019881 136.981176470588
0.019934 137.000117647059
0.019987 137.000117647059
0.020041 137.019058823529
0.020094 137.038
0.020147 137.056941176471
0.020201 137.056941176471
0.020254 137.056941176471
0.020307 137.094823529412
0.020361 137.075882352941
0.020414 137.075882352941
0.020467 137.075882352941
0.02052 137.056941176471
0.020574 137.113764705882
0.020627 137.075882352941
0.02068 137.075882352941
0.020734 137.056941176471
0.020787 137.038
0.02084 137.038
0.020894 137.056941176471
0.020947 137.075882352941
0.021 137.056941176471
0.021053 137.038
0.021107 137.000117647059
0.02116 137.019058823529
0.021213 137.075882352941
0.021267 137.094823529412
0.02132 137.132705882353
0.021373 137.151647058824
0.021427 137.151647058824
0.02148 137.151647058824
0.021533 137.132705882353
0.021586 137.132705882353
0.02164 137.189529411765
0.021693 137.208470588235
0.021746 137.208470588235
0.0218 137.246352941176
0.021853 137.208470588235
0.021906 137.170588235294
0.02196 137.132705882353
0.022013 137.151647058824
0.022066 137.170588235294
0.022119 137.132705882353
0.022173 137.151647058824
0.022226 137.170588235294
0.022279 137.151647058823
0.022333 137.189529411765
0.022386 137.151647058823
0.022439 137.170588235294
0.022493 137.227411764706
0.022546 137.227411764706
0.022599 137.265294117647
0.022652 137.265294117647
0.022706 137.284235294118
0.022759 137.265294117647
0.022812 137.227411764706
0.022866 137.265294117647
0.022919 137.284235294118
0.022972 137.322117647059
0.023026 137.246294117647
0.023079 137.227352941176
0.023132 137.208411764706
0.023185 137.170529411765
0.023239 137.208411764706
0.023292 137.189470588235
0.023345 137.170529411765
0.023399 137.151588235294
0.023452 137.113705882353
0.023505 137.094764705882
0.023559 137.113705882353
0.023612 137.075823529412
0.023665 137.056882352941
0.023718 137.094764705882
0.023772 137.113705882353
0.023825 137.056882352941
0.023878 137.037941176471
0.023932 137.037941176471
0.023985 137.037941176471
0.024038 137.037941176471
0.024092 137.075823529412
0.024145 137.056882352941
0.024198 137.075823529412
0.024251 137.094764705882
0.024305 137.056882352941
0.024358 137.075823529412
0.024411 137.037941176471
0.024465 137.019
0.024518 137.037941176471
0.024571 137.056882352941
0.024625 137.056882352941
0.024678 137.056882352941
0.024731 137.037941176471
0.024784 137.037941176471
0.024838 137.075882352941
0.024891 137.056941176471
0.024944 137.056941176471
0.024998 137.075882352941
0.025051 137.056941176471
0.025104 137.056941176471
0.025158 137.113764705882
0.025211 137.113764705882
0.025264 137.132705882353
0.025317 137.170588235294
0.025371 137.151647058823
0.025424 137.189529411765
0.025477 137.151588235294
0.025531 137.113705882353
0.025584 137.113705882353
0.025637 137.170529411765
0.025691 137.170529411765
0.025744 137.170529411765
0.025797 137.170529411765
0.02585 137.151588235294
0.025904 137.094764705882
0.025957 137.094764705882
0.02601 137.113705882353
0.026064 137.075823529412
0.026117 137.094764705882
0.02617 137.075823529412
0.026224 137.113705882353
0.026277 137.132647058824
0.02633 137.113705882353
0.026383 137.094764705882
0.026437 137.113705882353
0.02649 137.075823529412
0.026543 137.075823529412
0.026597 137.056882352941
0.02665 137.075823529412
0.026703 137.113705882353
0.026757 137.151588235294
0.02681 137.170529411765
0.026863 137.189470588235
0.026916 137.208411764706
0.02697 137.189470588235
0.027023 137.189470588235
0.027076 137.189470588235
0.02713 137.170529411765
0.027183 137.189470588235
0.027236 137.151588235294
0.02729 137.189529411765
0.027343 137.208470588235
0.027396 137.246352941176
0.027449 137.208470588235
0.027503 137.170588235294
0.027556 137.189529411765
0.027609 137.208470588235
0.027663 137.208470588235
0.027716 137.246352941176
0.027769 137.246352941176
0.027823 137.246352941176
0.027876 137.246352941176
0.027929 137.227411764706
0.027982 137.246352941176
0.028036 137.227411764706
0.028089 137.227411764706
0.028142 137.227411764706
0.028196 137.208470588235
0.028249 137.170588235294
0.028302 137.208470588235
0.028356 137.208470588235
0.028409 137.189529411765
0.028462 137.170588235294
0.028515 137.151647058824
0.028569 137.151647058824
0.028622 137.113764705882
0.028675 137.094823529412
0.028729 137.113764705882
0.028782 137.056941176471
0.028835 137.056941176471
0.028889 137.056941176471
0.028942 137.056941176471
0.028995 137.075882352941
0.029048 137.075882352941
0.029102 137.094823529412
0.029155 137.094823529412
0.029208 137.075882352941
0.029262 137.075882352941
0.029315 137.094823529412
0.029368 137.113764705882
0.029422 137.075882352941
0.029475 137.075882352941
0.029528 137.094823529412
0.029581 137.094823529412
0.029635 137.056941176471
0.029688 137.056941176471
0.029741 137.094823529412
0.029795 137.037941176471
0.029848 137
0.029901 136.981058823529
0.029955 136.943176470588
0.030008 136.962117647059
0.030061 137
0.030114 136.981058823529
0.030168 137.018941176471
0.030221 137.037882352941
0.030274 137.037882352941
0.030328 137.037882352941
0.030381 136.981058823529
0.030434 137.018941176471
0.030488 137.018941176471
0.030541 137
0.030594 137.018941176471
0.030647 137
0.030701 137
0.030754 136.981058823529
0.030807 136.943176470588
0.030861 136.962117647059
0.030914 136.962117647059
0.030967 136.962117647059
0.031021 136.943176470588
0.031074 136.943176470588
0.031127 136.943176470588
0.03118 136.905294117647
0.031234 136.924235294118
0.031287 136.962117647059
0.03134 136.905294117647
0.031394 136.905294117647
0.031447 136.924235294118
0.0315 136.924235294118
0.031554 136.924235294118
0.031607 137.000058823529
0.03166 137.038
0.031713 137.038
0.031767 137.038
0.03182 137.019058823529
0.031873 137.000117647059
0.031927 137.019058823529
0.03198 136.962235294118
0.032033 136.962235294118
0.032087 136.962235294118
0.03214 136.943294117647
0.032193 136.943294117647
0.032246 136.886470588235
0.0323 136.886470588235
0.032353 136.886470588235
0.032406 136.886470588235
0.03246 136.886470588235
0.032513 136.867529411765
0.032566 136.886470588235
0.03262 136.905411764706
0.032673 136.886470588235
0.032726 136.867529411765
0.032779 136.867529411765
0.032833 136.886470588235
0.032886 136.867529411765
0.032939 136.867529411765
0.032993 136.886470588235
0.033046 136.886470588235
0.033099 136.848588235294
0.033153 136.867529411765
0.033206 136.848588235294
0.033259 136.848588235294
0.033312 136.886470588235
0.033366 136.848588235294
0.033419 136.829647058824
0.033472 136.829647058824
0.033526 136.867529411765
0.033579 136.886470588235
0.033632 136.924352941176
0.033686 136.943294117647
0.033739 136.924352941176
0.033792 136.962235294118
0.033845 136.962235294118
0.033899 136.962235294118
0.033952 136.962235294118
0.034005 137.019058823529
0.034059 137.056941176471
0.034112 137.056941176471
0.034165 137.038
0.034219 137.038
0.034272 137.075882352941
0.034325 137.094823529412
0.034378 137.113764705882
0.034432 137.094823529412
0.034485 137.075882352941
0.034538 137.113764705882
0.034592 137.094823529412
0.034645 137.075882352941
0.034698 137.132705882353
0.034752 137.151647058824
0.034805 137.151647058824
0.034858 137.151647058824
0.034911 137.189529411765
0.034965 137.189529411765
0.035018 137.189529411765
0.035071 137.170588235294
0.035125 137.151647058824
0.035178 137.170588235294
0.035231 137.151647058824
0.035285 137.170588235294
0.035338 137.113764705882
0.035391 137.094823529412
0.035444 137.094823529412
0.035498 137.075882352941
0.035551 137.094823529412
0.035604 137.094823529412
0.035658 137.113764705882
0.035711 137.113764705882
0.035764 137.094823529412
0.035818 137.056941176471
0.035871 137.056941176471
0.035924 137.056941176471
0.035977 137.038
0.036031 137.056941176471
0.036084 137.019058823529
0.036137 137.019058823529
0.036191 137.038
0.036244 137.056941176471
0.036297 137.113764705882
0.036351 137.094823529412
0.036404 137.094823529412
0.036457 137.113764705882
0.03651 137.075882352941
0.036564 137.075882352941
0.036617 137.019
0.03667 137.037941176471
0.036724 137.019
0.036777 137.037941176471
0.03683 137.037941176471
0.036884 137.056882352941
0.036937 137.056882352941
0.03699 137.075823529412
0.037043 137.094764705882
0.037097 137.094764705882
0.03715 137.132647058824
0.037203 137.151588235294
0.037257 137.151588235294
0.03731 137.151588235294
0.037363 137.132647058824
0.037417 137.113705882353
0.03747 137.075823529412
0.037523 137.094764705882
0.037576 137.151588235294
0.03763 137.132647058824
0.037683 137.151588235294
0.037736 137.132647058824
0.03779 137.132647058824
0.037843 137.132647058824
0.037896 137.132647058824
0.03795 137.113705882353
0.038003 137.094764705882
0.038056 137.075823529412
0.038109 137.056882352941
0.038163 137.056882352941
0.038216 137.056882352941
0.038269 137.056882352941
0.038323 137.056882352941
0.038376 137.037941176471
0.038429 137.075882352941
0.038483 137.056941176471
0.038536 137.075882352941
0.038589 137.075882352941
0.038642 137.056941176471
0.038696 137.056941176471
0.038749 137.056941176471
0.038802 137.019058823529
0.038856 137.019058823529
0.038909 137.000117647059
0.038962 137.000117647059
0.039016 137.019058823529
0.039069 137.019058823529
0.039122 137.019058823529
0.039175 137.038
0.039229 137.000058823529
0.039282 136.981117647059
0.039335 137.000058823529
0.039389 136.962176470588
0.039442 137.000058823529
0.039495 136.943235294118
0.039549 136.962176470588
0.039602 137.019
0.039655 137.000058823529
0.039708 137.000058823529
0.039762 137.000058823529
0.039815 137.019
0.039868 137.037941176471
0.039922 137.037941176471
0.039975 137.019
0.040028 137.019
0.040082 137.000058823529
0.040135 137.037941176471
0.040188 137.037941176471
0.040241 137.037941176471
0.040295 137.019
0.040348 137.000058823529
0.040401 137.000058823529
0.040455 137.019
0.040508 137.019
0.040561 137.037941176471
0.040615 137.037941176471
0.040668 137.019
0.040721 137.019
0.040774 137.019
0.040828 137.019
0.040881 136.981117647059
0.040934 136.981117647059
0.040988 136.981117647059
0.041041 137.019058823529
0.041094 137.019058823529
0.041148 137.000117647059
0.041201 137.038
0.041254 137.038
0.041307 137.075882352941
0.041361 137.094823529412
0.041414 137.038
0.041467 137.019058823529
0.041521 137.000117647059
0.041574 137.000117647059
0.041627 136.962235294118
0.041681 136.962235294118
0.041734 136.943294117647
0.041787 136.962235294118
0.04184 136.981176470588
0.041894 137.000117647059
0.041947 136.981176470588
0.042 137.019058823529
0.042054 137.019058823529
0.042107 137.056941176471
0.04216 137.038
0.042214 136.981117647059
0.042267 136.981117647059
0.04232 136.962176470588
0.042373 136.905352941176
0.042427 136.943235294118
0.04248 136.962176470588
0.042533 136.981117647059
0.042587 136.981117647059
0.04264 136.981117647059
0.042693 137.000058823529
0.042747 137.056882352941
0.0428 137.056882352941
0.042853 137.075823529412
0.042906 137.075823529412
0.04296 137.075823529412
0.043013 137.056882352941
0.043066 137.056882352941
0.04312 137.075823529412
0.043173 137.075823529412
0.043226 137.094764705882
0.04328 137.113705882353
0.043333 137.132647058824
0.043386 137.151588235294
0.043439 137.170529411765
0.043493 137.170529411765
0.043546 137.170529411765
0.043599 137.151588235294
0.043653 137.170529411765
0.043706 137.170529411765
0.043759 137.132647058824
0.043813 137.113705882353
0.043866 137.132647058824
0.043919 137.094764705882
0.043972 137.094764705882
0.044026 137.132705882353
0.044079 137.151647058824
0.044132 137.151647058824
0.044186 137.151647058824
0.044239 137.132705882353
0.044292 137.113764705882
0.044346 137.075882352941
0.044399 137.056941176471
0.044452 137.075882352941
0.044505 137.075882352941
0.044559 137.019058823529
0.044612 137.019058823529
0.044665 137.000117647059
0.044719 137.056941176471
0.044772 137.038
0.044825 137.019058823529
0.044879 137.038
0.044932 137.019058823529
0.044985 137.038
0.045038 137.038
0.045092 137.056941176471
0.045145 137.075882352941
0.045198 137.056941176471
0.045252 137.056941176471
0.045305 137.075882352941
0.045358 137.075882352941
0.045412 137.075882352941
0.045465 137.038
0.045518 137.019058823529
0.045571 137.056941176471
0.045625 137.038
0.045678 137.038
0.045731 137.056941176471
0.045785 137.056941176471
0.045838 137.056941176471
0.045891 137.038
0.045945 137.038
0.045998 137.094823529412
0.046051 137.094823529412
0.046104 137.113764705882
0.046158 137.170588235294
0.046211 137.170588235294
0.046264 137.113764705882
0.046318 137.113764705882
0.046371 137.113764705882
0.046424 137.094823529412
0.046478 137.094823529412
0.046531 137.056941176471
0.046584 137.075882352941
0.046637 137.056941176471
0.046691 137.000117647059
0.046744 136.981176470588
0.046797 136.962235294118
0.046851 136.962235294118
0.046904 136.924352941176
0.046957 136.924352941176
0.047011 136.943294117647
0.047064 136.924352941176
0.047117 136.905411764706
0.04717 136.924352941176
0.047224 136.943294117647
0.047277 136.962235294118
0.04733 137.000117647059
0.047384 136.981176470588
0.047437 136.962235294118
0.04749 136.943294117647
0.047544 136.924352941176
0.047597 136.962235294118
0.04765 136.981176470588
0.047703 137.000117647059
0.047757 136.981176470588
0.04781 136.924352941176
0.047863 136.886470588235
0.047917 136.886470588235
0.04797 136.848588235294
0.048023 136.848588235294
0.048077 136.886470588235
0.04813 136.924352941176
0.048183 136.943294117647
0.048236 136.962235294118
0.04829 136.962235294118
0.048343 136.962235294118
0.048396 136.943294117647
0.04845 136.962235294118
0.048503 136.981176470588
0.048556 136.981176470588
0.04861 136.981176470588
0.048663 137.019058823529
0.048716 137.038
0.048769 137.019058823529
0.048823 137.000117647059
0.048876 137.038
0.048929 137.000117647059
0.048983 136.981176470588
0.049036 136.981176470588
0.049089 137.000117647059
0.049143 136.962235294118
0.049196 136.981176470588
0.049249 137.000117647059
0.049302 137.038
0.049356 137.056941176471
0.049409 137.019058823529
0.049462 137.000117647059
0.049516 136.962235294118
0.049569 137.000117647059
0.049622 137.038
0.049676 137.075882352941
0.049729 137.094823529412
0.049782 137.094823529412
0.049835 137.075882352941
0.049889 137.075882352941
0.049942 137.056941176471
0.049995 137.038
0.050049 137.038
0.050102 137.056941176471
0.050155 137.075882352941
0.050209 137.075882352941
0.050262 137.075882352941
0.050315 137.094823529412
0.050368 137.113764705882
0.050422 137.113764705882
0.050475 137.075882352941
0.050528 137.075882352941
0.050582 137.075882352941
0.050635 137.075882352941
0.050688 137.038
0.050742 137.038
0.050795 137.038
0.050848 137.038
0.050901 137.019058823529
0.050955 137.038
0.051008 137.038
0.051061 137.056941176471
0.051115 137.019058823529
0.051168 137.019058823529
0.051221 137.019058823529
0.051275 137.056941176471
0.051328 137.075882352941
0.051381 137.075882352941
0.051434 137.038
0.051488 137.038
0.051541 137.000117647059
0.051594 137.000117647059
0.051648 137.038
0.051701 137.056941176471
0.051754 137.056941176471
0.051808 137.094823529412
0.051861 137.075882352941
0.051914 137.075882352941
0.051967 137.056941176471
0.052021 137.056941176471
0.052074 137.075882352941
0.052127 137.056941176471
0.052181 137.038
0.052234 137.000117647059
0.052287 137.019058823529
0.052341 137.056941176471
0.052394 137.056941176471
0.052447 137.056941176471
0.0525 137.056941176471
0.052554 137.075882352941
0.052607 137.075882352941
0.05266 137.056941176471
0.052714 137.075882352941
0.052767 137.094823529412
0.05282 137.094823529412
0.052874 137.094823529412
0.052927 137.113764705882
0.05298 137.132705882353
0.053033 137.132705882353
0.053087 137.075882352941
0.05314 137.075882352941
0.053193 137.056941176471
0.053247 137.113764705882
0.0533 137.094823529412
0.053353 137.094823529412
0.053407 137.094823529412
0.05346 137.094823529412
0.053513 137.075882352941
0.053566 137.056941176471
0.05362 137.038
0.053673 137.038
0.053726 137.019058823529
0.05378 137.038
0.053833 137.038
0.053886 137.056941176471
0.05394 137.075882352941
0.053993 137.113764705882
0.054046 137.132705882353
0.054099 137.113764705882
0.054153 137.094823529412
0.054206 137.113764705882
0.054259 137.132705882353
0.054313 137.113764705882
0.054366 137.132705882353
0.054419 137.170588235294
0.054473 137.227411764706
0.054526 137.170588235294
0.054579 137.151647058823
0.054632 137.170588235294
0.054686 137.151647058823
0.054739 137.151647058823
0.054792 137.132705882353
0.054846 137.170588235294
0.054899 137.189529411765
0.054952 137.189529411765
0.055006 137.227411764706
0.055059 137.189529411765
0.055112 137.208470588235
0.055165 137.227411764706
0.055219 137.246352941176
0.055272 137.246352941176
0.055325 137.265294117647
0.055379 137.246352941176
0.055432 137.227411764706
0.055485 137.246352941176
0.055539 137.246352941176
0.055592 137.227411764706
0.055645 137.227411764706
0.055698 137.227411764706
0.055752 137.208470588235
0.055805 137.189529411765
0.055858 137.170588235294
0.055912 137.189529411765
0.055965 137.170588235294
0.056018 137.189529411765
0.056072 137.227411764706
0.056125 137.227411764706
0.056178 137.208470588235
0.056231 137.170588235294
0.056285 137.113764705882
0.056338 137.170588235294
0.056391 137.189529411765
0.056445 137.132705882353
0.056498 137.151647058824
0.056551 137.132705882353
0.056605 137.132705882353
0.056658 137.094823529412
0.056711 137.113764705882
0.056764 137.094823529412
0.056818 137.075882352941
0.056871 137.075882352941
0.056924 137.094823529412
0.056978 137.113764705882
0.057031 137.132705882353
0.057084 137.132705882353
0.057138 137.075882352941
0.057191 137.113764705882
0.057244 137.113764705882
0.057297 137.094823529412
0.057351 137.094823529412
0.057404 137.094823529412
0.057457 137.113764705882
0.057511 137.056941176471
0.057564 137.075882352941
0.057617 137.075882352941
0.057671 137.132705882353
0.057724 137.113764705882
0.057777 137.113764705882
0.05783 137.094823529412
0.057884 137.056941176471
0.057937 137.094823529412
0.05799 137.113764705882
0.058044 137.132705882353
0.058097 137.132705882353
0.05815 137.094823529412
0.058204 137.094823529412
0.058257 137.113764705882
0.05831 137.056882352941
0.058363 137.075823529412
0.058417 137.075823529412
0.05847 137.094764705882
0.058523 137.113705882353
0.058577 137.151588235294
0.05863 137.151588235294
0.058683 137.170529411765
0.058737 137.132647058824
0.05879 137.132647058824
0.058843 137.075823529412
0.058896 137.056882352941
0.05895 137.113705882353
0.059003 137.113705882353
0.059056 137.132647058824
0.05911 137.151588235294
0.059163 137.189470588235
0.059216 137.189470588235
0.05927 137.189470588235
0.059323 137.208411764706
0.059376 137.170529411765
0.059429 137.151588235294
0.059483 137.113705882353
0.059536 137.132647058824
0.059589 137.151588235294
0.059643 137.151588235294
0.059696 137.113705882353
0.059749 137.094764705882
0.059803 137.075823529412
0.059856 137.075823529412
0.059909 137.094764705882
0.059962 137.075823529412
0.060016 137.075823529412
0.060069 137.075823529412
0.060122 137.132705882353
0.060176 137.113764705882
0.060229 137.132705882353
0.060282 137.132705882353
0.060336 137.094823529412
0.060389 137.113764705882
0.060442 137.094823529412
0.060495 137.094823529412
0.060549 137.094823529412
0.060602 137.056941176471
0.060655 137.075882352941
0.060709 137.094823529412
0.060762 137.075882352941
0.060815 137.038
0.060869 137.038
0.060922 137.019058823529
0.060975 136.981176470588
0.061028 137.000117647059
0.061082 137.000117647059
0.061135 137.000117647059
0.061188 137.038
0.061242 137.056941176471
0.061295 137.056941176471
0.061348 137.038
0.061402 137.019058823529
0.061455 137.000117647059
0.061508 137.038
0.061561 137.038
0.061615 137.038
0.061668 137.056941176471
0.061721 137.019058823529
0.061775 137.075882352941
0.061828 137.019058823529
0.061881 137.019058823529
0.061935 137.019058823529
0.061988 137.056941176471
0.062041 137.019058823529
0.062094 137.000117647059
0.062148 136.981176470588
0.062201 136.943294117647
0.062254 136.924352941176
0.062308 136.943294117647
0.062361 136.924352941176
0.062414 136.943294117647
0.062468 136.962235294118
0.062521 136.943294117647
0.062574 136.943294117647
0.062627 136.962235294118
0.062681 136.943294117647
0.062734 136.981176470588
0.062787 137.019058823529
0.062841 137.019058823529
0.062894 137.000117647059
0.062947 137.000117647059
0.063001 137.000117647059
0.063054 137.000117647059
0.063107 137.000117647059
0.06316 137.000117647059
0.063214 137.019058823529
0.063267 137.019058823529
0.06332 137.000117647059
0.063374 137.000117647059
0.063427 136.981176470588
0.06348 136.943294117647
0.063534 136.962235294118
0.063587 136.943294117647
0.06364 136.981176470588
0.063694 137.000117647059
0.063747 137.019058823529
0.0638 136.981176470588
0.063853 137.000117647059
0.063907 137.019058823529
0.06396 137.038
0.064013 137.038
0.064067 137.075882352941
0.06412 137.056941176471
0.064173 137.113764705882
0.064226 137.113764705882
0.06428 137.113764705882
0.064333 137.132705882353
0.064386 137.094823529412
0.06444 137.113764705882
0.064493 137.113764705882
0.064546 137.113764705882
0.0646 137.113764705882
0.064653 137.113764705882
0.064706 137.113764705882
0.064759 137.132705882353
0.064813 137.132705882353
0.064866 137.094823529412
0.064919 137.075882352941
0.064973 137.075882352941
0.065026 137.075882352941
0.065079 137.094823529412
0.065133 137.113764705882
0.065186 137.132705882353
0.065239 137.189529411765
0.065292 137.208470588235
0.065346 137.208470588235
0.065399 137.151588235294
0.065452 137.151588235294
0.065506 137.132647058824
0.065559 137.094764705882
0.065612 137.113705882353
0.065666 137.132647058824
0.065719 137.151588235294
0.065772 137.189470588235
0.065825 137.208411764706
0.065879 137.189470588235
0.065932 137.170529411765
0.065985 137.132647058824
0.066039 137.132647058824
0.066092 137.132647058824
0.066145 137.132647058824
0.066199 137.151588235294
0.066252 137.170529411765
0.066305 137.208411764706
0.066358 137.170529411765
0.066412 137.113705882353
0.066465 137.132647058824
0.066518 137.113705882353
0.066572 137.113705882353
0.066625 137.094764705882
0.066678 137.113705882353
0.066732 137.151588235294
0.066785 137.151588235294
0.066838 137.170529411765
0.066891 137.151588235294
0.066945 137.151588235294
0.066998 137.151588235294
0.067051 137.132647058824
0.067105 137.094764705882
0.067158 137.094764705882
0.067211 137.170588235294
0.067265 137.132705882353
0.067318 137.132705882353
0.067371 137.151647058824
0.067424 137.132705882353
0.067478 137.113764705882
0.067531 137.075882352941
0.067584 137.056941176471
0.067638 137.019058823529
0.067691 137.000117647059
0.067744 137.000117647059
0.067798 137.019058823529
0.067851 136.962176470588
0.067904 136.981117647059
0.067957 136.962176470588
0.068011 136.981117647059
0.068064 136.943235294118
0.068117 136.905352941176
0.068171 136.943235294118
0.068224 137.000058823529
0.068277 136.981117647059
0.068331 137.000058823529
0.068384 137.000058823529
0.068437 137.000058823529
0.06849 137.019
0.068544 137.019
0.068597 137.019
0.06865 137.019
0.068704 137.037941176471
0.068757 137.019
0.06881 137.037941176471
0.068864 137.000058823529
0.068917 137.000058823529
0.06897 137.019
0.069023 136.962176470588
0.069077 136.981117647059
0.06913 136.962176470588
0.069183 136.962176470588
0.069237 136.962176470588
0.06929 136.962176470588
0.069343 136.981117647059
0.069397 136.962176470588
0.06945 137.000058823529
0.069503 137.019
0.069556 137.019
0.06961 137.000058823529
0.069663 137.075882352941
0.069716 137.038
0.06977 137.056941176471
0.069823 137.056941176471
0.069876 137.056941176471
0.06993 137.056941176471
0.069983 137.038
0.070036 137.019058823529
0.070089 137.019058823529
0.070143 137.056941176471
0.070196 137.075882352941
0.070249 137.075882352941
0.070303 137.094823529412
0.070356 137.075882352941
0.070409 137.113764705882
0.070463 137.075882352941
0.070516 137.038
0.070569 137.056941176471
0.070622 137.038
0.070676 137.075882352941
0.070729 137.094823529412
0.070782 137.075882352941
0.070836 137.094823529412
0.070889 137.094823529412
0.070942 137.113764705882
0.070996 137.094823529412
0.071049 137.075882352941
0.071102 137.075882352941
0.071155 137.075882352941
0.071209 137.075882352941
0.071262 137.094823529412
0.071315 137.094823529412
0.071369 137.075882352941
0.071422 137.056941176471
0.071475 137.019058823529
0.071529 137.038
0.071582 137.038
0.071635 137.019058823529
0.071688 137.019058823529
0.071742 137.038
0.071795 137.038
0.071848 137.038
0.071902 137.056941176471
0.071955 137.038
0.072008 137.000117647059
0.072062 137.000117647059
0.072115 136.981176470588
0.072168 137.000117647059
0.072221 136.981176470588
0.072275 136.981176470588
0.072328 137.019058823529
0.072381 137.038
0.072435 137.019058823529
0.072488 137.019058823529
0.072541 137.038
0.072595 137.075882352941
0.072648 137.094823529412
0.072701 137.094823529412
0.072754 137.094823529412
0.072808 137.132705882353
0.072861 137.170588235294
0.072914 137.170588235294
0.072968 137.151647058824
0.073021 137.151647058824
0.073074 137.113764705882
0.073128 137.113764705882
0.073181 137.151647058824
0.073234 137.151647058824
0.073287 137.170588235294
0.073341 137.170588235294
0.073394 137.132705882353
0.073447 137.151647058824
0.073501 137.132705882353
0.073554 137.094823529412
0.073607 137.056941176471
0.073661 137.038
0.073714 137.000117647059
0.073767 137.000117647059
0.07382 137.000117647059
0.073874 137.038
0.073927 137.056941176471
0.07398 137.075882352941
0.074034 137.075882352941
0.074087 137.094823529412
0.07414 137.075882352941
0.074194 137.038
0.074247 137.038
0.0743 137.000117647059
0.074353 137.000117647059
0.074407 136.962235294118
0.07446 136.981176470588
0.074513 137.000117647059
0.074567 137.019058823529
0.07462 136.981176470588
0.074673 136.981176470588
0.074727 136.981176470588
0.07478 136.962235294118
0.074833 136.943294117647
0.074886 136.962235294118
0.07494 136.943294117647
0.074993 136.924352941177
0.075046 136.943294117647
0.0751 136.943294117647
0.075153 136.924352941176
0.075206 136.981176470588
0.07526 136.962235294118
0.075313 137.000117647059
0.075366 137.019058823529
0.075419 137.019058823529
0.075473 137.000117647059
0.075526 137.000117647059
0.075579 137.000117647059
0.075633 137.000117647059
0.075686 136.924294117647
0.075739 136.905352941176
0.075793 136.886411764706
0.075846 136.886411764706
0.075899 136.905352941176
0.075952 136.924294117647
0.076006 136.924294117647
0.076059 136.924294117647
0.076112 136.943235294118
0.076166 136.962176470588
0.076219 136.981117647059
0.076272 136.924294117647
0.076326 136.943235294118
0.076379 136.924294117647
0.076432 136.924294117647
0.076485 136.905352941176
0.076539 136.905352941176
0.076592 136.943235294118
0.076645 136.981117647059
0.076699 136.981117647059
0.076752 137.019
0.076805 137.056882352941
0.076859 137.056882352941
0.076912 137.056882352941
0.076965 137.075823529412
0.077018 137.037941176471
0.077072 137.037941176471
0.077125 137.056882352941
0.077178 137.075823529412
0.077232 137.094764705882
0.077285 137.151588235294
0.077338 137.170529411765
0.077392 137.189470588235
0.077445 137.208411764706
0.077498 137.265294117647
0.077551 137.246352941176
0.077605 137.265294117647
0.077658 137.265294117647
0.077711 137.227411764706
0.077765 137.227411764706
0.077818 137.246352941176
0.077871 137.246352941176
0.077925 137.246352941176
0.077978 137.227411764706
0.078031 137.208470588235
0.078084 137.246352941176
0.078138 137.246352941176
0.078191 137.265294117647
0.078244 137.284235294118
0.078298 137.303176470588
0.078351 137.265294117647
0.078404 137.284235294118
0.078458 137.265294117647
0.078511 137.246352941176
0.078564 137.246352941176
0.078617 137.208470588235
0.078671 137.208470588235
0.078724 137.227411764706
0.078777 137.246352941176
0.078831 137.246352941176
0.078884 137.227411764706
0.078937 137.208470588235
0.078991 137.189529411765
0.079044 137.189529411765
0.079097 137.170588235294
0.07915 137.151647058823
0.079204 137.113764705882
0.079257 137.094823529412
0.07931 137.075882352941
0.079364 137.113764705882
0.079417 137.113764705882
0.07947 137.075882352941
0.079524 137.094823529412
0.079577 137.094823529412
0.07963 137.075882352941
0.079683 137.075882352941
0.079737 137.094823529412
0.07979 137.056941176471
0.079843 137.056941176471
0.079897 137.056941176471
0.07995 137.019058823529
0.080003 137.019058823529
0.080057 137.000117647059
0.08011 136.981176470588
0.080163 137.038
0.080216 137.000117647059
0.08027 137.000117647059
0.080323 136.981176470588
0.080376 136.981176470588
0.08043 137.019058823529
0.080483 137.056941176471
0.080536 137.056941176471
0.08059 137.038
0.080643 137.075882352941
0.080696 137.113764705882
0.080749 137.113764705882
0.080803 137.113764705882
0.080856 137.113764705882
0.080909 137.113764705882
0.080963 137.113764705882
0.081016 137.113764705882
0.081069 137.132705882353
0.081123 137.132705882353
0.081176 137.075882352941
0.081229 137.056941176471
0.081282 137.075882352941
0.081336 137.075882352941
0.081389 137.094823529412
0.081442 137.113764705882
0.081496 137.094823529412
0.081549 137.075882352941
0.081602 137.094823529412
0.081656 137.113764705882
0.081709 137.113764705882
0.081762 137.132705882353
0.081815 137.113764705882
0.081869 137.113764705882
0.081922 137.151647058824
0.081975 137.113764705882
0.082029 137.132705882353
0.082082 137.132705882353
0.082135 137.132705882353
0.082189 137.132705882353
0.082242 137.113764705882
0.082295 137.075882352941
0.082348 137.038
0.082402 137.056941176471
0.082455 137.075882352941
0.082508 137.075882352941
0.082562 137.094823529412
0.082615 137.113764705882
0.082668 137.132705882353
0.082722 137.113764705882
0.082775 137.151647058824
0.082828 137.189529411765
0.082881 137.189529411765
0.082935 137.189529411765
0.082988 137.227411764706
0.083041 137.189529411765
0.083095 137.208470588235
0.083148 137.189529411765
0.083201 137.113705882353
0.083255 137.094764705882
0.083308 137.132647058824
0.083361 137.189470588235
0.083414 137.208411764706
0.083468 137.189470588235
0.083521 137.151588235294
0.083574 137.132647058824
0.083628 137.113705882353
0.083681 137.113705882353
0.083734 137.075823529412
0.083788 137.094764705882
0.083841 137.113705882353
0.083894 137.151588235294
0.083947 137.189470588235
0.084001 137.170529411765
0.084054 137.170529411765
0.084107 137.189470588235
0.084161 137.189470588235
0.084214 137.151588235294
0.084267 137.132647058824
0.084321 137.113705882353
0.084374 137.075823529412
0.084427 137.075823529412
0.08448 137.056882352941
0.084534 137.075823529412
0.084587 137.075823529412
0.08464 137.056882352941
0.084694 137.037941176471
0.084747 137.056882352941
0.0848 137.019
0.084854 137.056882352941
0.084907 137.037941176471
0.08496 137.056882352941
0.085013 137.094823529412
0.085067 137.113764705882
0.08512 137.113764705882
0.085173 137.038
0.085227 137.000117647059
0.08528 137.019058823529
0.085333 137.038
0.085387 137.038
0.08544 137.075882352941
0.085493 137.094823529412
0.085546 137.094823529412
0.0856 137.094823529412
0.085653 137.075882352941
0.085706 137.075882352941
0.08576 137.056941176471
0.085813 137.038
0.085866 137.038
0.08592 137.019058823529
0.085973 137.019058823529
0.086026 137.038
0.086079 137.000117647059
0.086133 137.019058823529
0.086186 137.038
0.086239 137.038
0.086293 137.056941176471
0.086346 137.038
0.086399 137.019058823529
0.086453 137.038
0.086506 137.056941176471
0.086559 137.038
0.086612 137.038
0.086666 137.019058823529
0.086719 137.019058823529
0.086772 137.000117647059
0.086826 137.000117647059
0.086879 137.019058823529
0.086932 137.000117647059
0.086986 137.019058823529
0.087039 137.056941176471
0.087092 137.038
0.087145 137.019058823529
0.087199 136.981117647059
0.087252 136.962176470588
0.087305 136.962176470588
0.087359 137.000058823529
0.087412 136.981117647059
0.087465 136.962176470588
0.087519 136.924294117647
0.087572 136.924294117647
0.087625 136.962176470588
0.087678 136.962176470588
0.087732 137.000058823529
0.087785 137.000058823529
0.087838 136.981117647059
0.087892 137.000058823529
0.087945 137.019
0.087998 137.000058823529
0.088052 137.000058823529
0.088105 136.981117647059
0.088158 136.981117647059
0.088211 136.981117647059
0.088265 136.981117647059
0.088318 136.981117647059
0.088371 137.000058823529
0.088425 137.037941176471
0.088478 137.113705882353
0.088531 137.113705882353
0.088585 137.113705882353
0.088638 137.132647058824
0.088691 137.094764705882
0.088744 137.113705882353
0.088798 137.132647058824
0.088851 137.094764705882
0.088904 137.113705882353
0.088958 137.151588235294
0.089011 137.208470588235
0.089064 137.189529411765
0.089118 137.189529411765
0.089171 137.189529411765
0.089224 137.189529411765
0.089277 137.189529411765
0.089331 137.208470588235
0.089384 137.208470588235
0.089437 137.170588235294
0.089491 137.170588235294
0.089544 137.113764705882
0.089597 137.132705882353
0.089651 137.132705882353
0.089704 137.132705882353
0.089757 137.132705882353
0.08981 137.113764705882
0.089864 137.094823529412
0.089917 137.132705882353
0.08997 137.151647058824
0.090024 137.132705882353
0.090077 137.075882352941
0.09013 137.056941176471
0.090184 137.075882352941
0.090237 137.075882352941
0.09029 137.000117647059
0.090343 137.000117647059
0.090397 137.019058823529
0.09045 137.038
0.090503 137.075882352941
0.090557 137.075882352941
0.09061 137.075882352941
0.090663 137.094823529412
0.090717 137.094823529412
0.09077 137.056941176471
0.090823 137.019058823529
0.090876 137.038
0.09093 137.056941176471
0.090983 137.056941176471
0.091036 137.056941176471
0.09109 137.056941176471
0.091143 137.038
0.091196 137.056941176471
0.09125 137.075882352941
0.091303 137.075882352941
0.091356 137.113764705882
0.091409 137.132705882353
0.091463 137.132705882353
0.091516 137.132705882353
0.091569 137.094823529412
0.091623 137.132705882353
0.091676 137.113764705882
0.091729 137.056941176471
0.091783 137.075882352941
0.091836 137.075882352941
0.091889 137.113764705882
0.091942 137.094823529412
0.091996 137.038
0.092049 137.019058823529
0.092102 137.019058823529
0.092156 137.019058823529
0.092209 137.000117647059
0.092262 136.962235294118
0.092316 136.924352941177
0.092369 136.905411764706
0.092422 136.886470588235
0.092475 136.905411764706
0.092529 136.886470588235
0.092582 136.924352941176
0.092635 136.943294117647
0.092689 136.962235294118
0.092742 136.962235294118
0.092795 136.924352941176
0.092849 136.905411764706
0.092902 136.924352941176
0.092955 136.943294117647
0.093008 136.924352941176
0.093062 136.943294117647
0.093115 136.962235294118
0.093168 136.962235294118
0.093222 136.905411764706
0.093275 136.905411764706
0.093328 136.924352941176
0.093382 136.924352941176
0.093435 136.924352941176
0.093488 136.943294117647
0.093541 136.981176470588
0.093595 136.962235294118
0.093648 137.000117647059
0.093701 137.000117647059
0.093755 137.038
0.093808 137.075882352941
0.093861 137.056941176471
0.093915 137.038
0.093968 137.056941176471
0.094021 137.056941176471
0.094074 137.075882352941
0.094128 137.094823529412
0.094181 137.094823529412
0.094234 137.094823529412
0.094288 137.037941176471
0.094341 137.056882352941
0.094394 137.075823529412
0.094448 137.075823529412
0.094501 137.056882352941
0.094554 137.037941176471
0.094607 137.056882352941
0.094661 137.075823529412
0.094714 137.056882352941
0.094767 137.037941176471
0.094821 137.037941176471
0.094874 137.019
0.094927 136.981117647059
0.094981 136.981117647059
0.095034 137.019
0.095087 137.037941176471
0.09514 137.019
0.095194 137.037941176471
0.095247 137.056882352941
0.0953 137.056882352941
0.095354 137.037941176471
0.095407 137.037941176471
0.09546 137.000058823529
0.095514 136.943176470588
0.095567 136.924235294118
0.09562 136.924235294118
0.095673 136.943176470588
0.095727 136.981058823529
0.09578 136.962117647059
0.095833 137.018941176471
0.095887 137.018941176471
0.09594 137
0.095993 137
0.096047 137.018941176471
0.0961 137.075823529412
0.096153 137.056882352941
0.096206 137.056882352941
0.09626 137.037941176471
0.096313 137.019
0.096366 137.019
0.09642 137.019
0.096473 137.037941176471
0.096526 137.075823529412
0.09658 137.056882352941
0.096633 137.056882352941
0.096686 137.037941176471
0.096739 137.037941176471
0.096793 137.056882352941
0.096846 137.056882352941
0.096899 137.056882352941
0.096953 137.019
0.097006 137.037941176471
0.097059 137.019
0.097113 137.037941176471
0.097166 137.056882352941
0.097219 137.056882352941
0.097272 137.056882352941
0.097326 137.113764705882
0.097379 137.113764705882
0.097432 137.094823529412
0.097486 137.094823529412
0.097539 137.094823529412
0.097592 137.113764705882
0.097646 137.075882352941
0.097699 137.094823529412
0.097752 137.113764705882
0.097805 137.151647058824
0.097859 137.132705882353
0.097912 137.113764705882
0.097965 137.113764705882
0.098019 137.094823529412
0.098072 137.132705882353
0.098125 137.170588235294
0.098179 137.151647058824
0.098232 137.151647058824
0.098285 137.151647058824
0.098338 137.151647058824
0.098392 137.189529411765
0.098445 137.208470588235
0.098498 137.265294117647
0.098552 137.265294117647
0.098605 137.265294117647
0.098658 137.284235294118
0.098712 137.265294117647
0.098765 137.284235294118
0.098818 137.265294117647
0.098871 137.265294117647
0.098925 137.265294117647
0.098978 137.246352941176
0.099031 137.227411764706
0.099085 137.246352941176
0.099138 137.227411764706
0.099191 137.265294117647
0.099245 137.303176470588
0.099298 137.322117647059
0.099351 137.303176470588
0.099404 137.284235294118
0.099458 137.265294117647
0.099511 137.227411764706
0.099564 137.208470588235
0.099618 137.189529411765
0.099671 137.189529411765
0.099724 137.170588235294
0.099778 137.170588235294
0.099831 137.151647058823
0.099884 137.132705882353
0.099937 137.113764705882
0.099991 137.151647058824
0.100044 137.132705882353
0.100097 137.113764705882
0.100151 137.075882352941
0.100204 137.056941176471
0.100257 137.038
0.100311 137.000117647059
0.100364 137.000117647059
0.100417 136.962235294118
0.10047 136.924352941176
0.100524 136.943294117647
0.100577 136.943294117647
0.10063 136.924352941176
0.100684 136.924352941176
0.100737 136.943294117647
0.10079 136.924352941176
0.100844 136.943294117647
0.100897 136.943294117647
0.10095 136.962235294118
0.101003 136.905411764706
0.101057 136.867529411765
0.10111 136.867529411765
0.101163 136.867529411765
0.101217 136.886470588235
0.10127 136.905411764706
0.101323 136.924352941176
0.101377 136.962235294118
0.10143 136.943294117647
0.101483 136.962235294118
0.101536 137.000117647059
0.10159 137.000117647059
0.101643 137.038
0.101696 137.038
0.10175 137.038
0.101803 137.000117647059
0.101856 137.000117647059
0.10191 137.019058823529
0.101963 137.038
0.102016 137.038
0.102069 137.038
0.102123 137.038
0.102176 137.075882352941
0.102229 137.075882352941
0.102283 137.094823529412
0.102336 137.113764705882
0.102389 137.075823529412
0.102443 137.075823529412
0.102496 137.056882352941
0.102549 137.019
0.102602 137.037941176471
0.102656 137.056882352941
0.102709 137.056882352941
0.102762 137.056882352941
0.102816 137.094764705882
0.102869 137.113705882353
0.102922 137.094764705882
0.102976 137.075823529412
0.103029 137.056882352941
0.103082 137.019
0.103135 137.000058823529
0.103189 136.981117647059
0.103242 136.962176470588
0.103295 136.924294117647
0.103349 136.905352941176
0.103402 136.924294117647
0.103455 136.886411764706
0.103509 136.886411764706
0.103562 136.905352941176
0.103615 136.924294117647
0.103668 136.924294117647
0.103722 136.924294117647
0.103775 136.905352941176
0.103828 136.943235294118
0.103882 136.943235294118
0.103935 136.943235294118
0.103988 136.943235294118
0.104042 136.981117647059
0.104095 137.000058823529
0.104148 136.943235294118
0.104201 136.981176470588
0.104255 137.000117647059
0.104308 137.000117647059
0.104361 137.056941176471
0.104415 137.075882352941
0.104468 137.056941176471
0.104521 137.056941176471
0.104575 137.038
0.104628 137.019058823529
0.104681 137.000117647059
0.104734 137.000117647059
0.104788 137.019058823529
0.104841 137.019058823529
0.104894 137.094823529412
0.104948 137.075882352941
0.105001 137.056941176471
0.105054 137.075882352941
0.105108 137.113764705882
0.105161 137.113764705882
0.105214 137.094823529412
0.105267 137.113764705882
0.105321 137.113764705882
0.105374 137.094823529412
0.105427 137.075882352941
0.105481 137.094823529412
0.105534 137.075882352941
0.105587 137.094823529412
0.105641 137.038
0.105694 137.038
0.105747 137.056941176471
0.1058 137.038
0.105854 136.981176470588
0.105907 136.943294117647
0.10596 136.981176470588
0.106014 137.000117647059
0.106067 137.000117647059
0.10612 137.038
0.106174 137.000117647059
0.106227 136.981176470588
0.10628 136.981176470588
0.106333 136.943294117647
0.106387 136.962235294118
0.10644 136.962235294118
0.106493 136.962235294118
0.106547 136.981176470588
0.1066 136.962235294118
0.106653 136.962235294118
0.106707 136.886470588235
0.10676 136.905411764706
0.106813 136.943294117647
0.106866 136.924352941176
0.10692 136.924352941176
0.106973 136.943294117647
0.107026 136.943294117647
0.10708 136.962235294118
0.107133 136.981176470588
0.107186 136.981176470588
0.10724 137.019058823529
0.107293 137.000117647059
0.107346 136.981176470588
0.107399 136.981176470588
0.107453 137.000117647059
0.107506 137.000117647059
0.107559 136.981176470588
0.107613 136.981176470588
0.107666 137.038
0.107719 137.075882352941
0.107773 137.056941176471
0.107826 137.075882352941
0.107879 137.075882352941
0.107932 137.038
0.107986 137.019058823529
0.108039 137.019058823529
0.108092 137.000117647059
0.108146 137.019058823529
0.108199 137.000117647059
0.108252 137.000117647059
0.108306 137.019058823529
0.108359 137.000117647059
0.108412 137.038
0.108465 137.056941176471
0.108519 137.094823529412
0.108572 137.132705882353
0.108625 137.094823529412
0.108679 137.151647058823
0.108732 137.132705882353
0.108785 137.113764705882
0.108839 137.151647058823
0.108892 137.113764705882
0.108945 137.113764705882
0.108998 137.132705882353
0.109052 137.094823529412
0.109105 137.113764705882
0.109158 137.151647058823
0.109212 137.132705882353
0.109265 137.151647058823
0.109318 137.151647058823
0.109372 137.170588235294
0.109425 137.151647058823
0.109478 137.113764705882
0.109531 137.075882352941
0.109585 137.075882352941
0.109638 137.038
0.109691 137.056941176471
0.109745 137.038
0.109798 137.056941176471
0.109851 137.056941176471
0.109905 137.056941176471
0.109958 137.056941176471
0.110011 137.075882352941
0.110064 137.094823529412
0.110118 137.075882352941
0.110171 137.094823529412
0.110224 137.056941176471
0.110278 137.056941176471
0.110331 137.038
0.110384 137.019058823529
0.110438 137.038
0.110491 137.000117647059
0.110544 137.038
0.110597 137.019058823529
0.110651 136.981176470588
0.110704 136.943235294118
0.110757 136.962176470588
0.110811 136.943235294118
0.110864 136.943235294118
0.110917 136.943235294118
0.110971 136.905352941176
0.111024 136.924294117647
0.111077 136.924294117647
0.11113 136.924294117647
0.111184 136.905352941176
0.111237 136.905352941176
0.11129 136.886411764706
0.111344 136.867470588235
0.111397 136.886411764706
0.11145 136.905352941176
0.111504 136.886411764706
0.111557 136.924294117647
0.11161 136.886411764706
0.111663 136.905352941176
0.111717 136.924294117647
0.11177 136.943235294118
0.111823 136.924294117647
0.111877 136.924294117647
0.11193 136.905352941176
0.111983 136.943235294118
0.112037 136.981117647059
0.11209 137.000058823529
0.112143 137.000058823529
0.112196 136.981117647059
0.11225 137.000058823529
0.112303 136.981117647059
0.112356 136.962176470588
0.11241 137.000058823529
0.112463 137.019
0.112516 137.056941176471
0.11257 137.019058823529
0.112623 137.038
0.112676 137.056941176471
0.112729 137.038
0.112783 137.075882352941
0.112836 137.056941176471
0.112889 137.019058823529
0.112943 137.019058823529
0.112996 137.019058823529
0.113049 137.038
0.113103 137.056941176471
0.113156 137.075882352941
0.113209 137.056941176471
0.113262 137.038
0.113316 137.019058823529
0.113369 137.000117647059
0.113422 137.038
0.113476 137.056941176471
0.113529 137.019058823529
0.113582 137.038
0.113636 137.038
0.113689 137.019058823529
0.113742 137.075882352941
0.113795 137.019058823529
0.113849 137.019058823529
0.113902 136.962235294118
0.113955 137.000117647059
0.114009 137.019058823529
0.114062 136.981176470588
0.114115 137.019058823529
0.114169 137.019058823529
0.114222 137.000117647059
0.114275 136.962235294118
0.114328 136.962235294118
0.114382 136.981176470588
0.114435 136.981176470588
0.114488 136.981176470588
0.114542 137.019058823529
0.114595 137.000117647059
0.114648 137.019058823529
0.114702 137.038
0.114755 137.056941176471
0.114808 137.075882352941
0.114861 137.075882352941
0.114915 137.075882352941
0.114968 137.075882352941
0.115021 137.056941176471
0.115075 137.056941176471
0.115128 137.038
0.115181 137.075882352941
0.115235 137.094823529412
0.115288 137.075882352941
0.115341 137.094823529412
0.115394 137.056941176471
0.115448 137.075882352941
0.115501 137.056941176471
0.115554 137.000117647059
0.115608 136.981176470588
0.115661 136.943294117647
0.115714 136.981176470588
0.115768 136.981176470588
0.115821 136.943294117647
0.115874 136.943294117647
0.115927 136.943294117647
0.115981 136.924352941177
0.116034 136.943294117647
0.116087 136.962235294118
0.116141 136.962235294118
0.116194 136.962235294118
0.116247 136.943294117647
0.116301 136.905411764706
0.116354 136.905411764706
0.116407 136.943294117647
0.11646 136.943294117647
0.116514 136.943294117647
0.116567 136.924352941176
0.11662 136.905411764706
0.116674 136.924352941176
0.116727 136.943294117647
0.11678 136.943294117647
0.116834 136.981176470588
0.116887 136.981176470588
0.11694 137.038
0.116993 136.981176470588
0.117047 136.943294117647
0.1171 136.924352941176
0.117153 136.943294117647
0.117207 136.962235294118
0.11726 136.962235294118
0.117313 137.019058823529
0.117367 137.056941176471
0.11742 137.113764705882
0.117473 137.132705882353
0.117526 137.132705882353
0.11758 137.094823529412
0.117633 137.132705882353
0.117686 137.132705882353
0.11774 137.113764705882
0.117793 137.094823529412
0.117846 137.075882352941
0.1179 137.094823529412
0.117953 137.094823529412
0.118006 137.075882352941
0.118059 137.094823529412
0.118113 137.113764705882
0.118166 137.094823529412
0.118219 137.094823529412
0.118273 137.094823529412
0.118326 137.094823529412
0.118379 137.075882352941
0.118433 137.094823529412
0.118486 137.056941176471
0.118539 137.019058823529
0.118592 137.019058823529
0.118646 136.981176470588
0.118699 136.981176470588
0.118752 136.943294117647
0.118806 136.962235294118
0.118859 136.962235294118
0.118912 136.962235294118
0.118966 136.943294117647
0.119019 136.943294117647
0.119072 136.943294117647
0.119125 136.905411764706
0.119179 136.905411764706
0.119232 136.867529411765
0.119285 136.886470588235
0.119339 136.867529411765
0.119392 136.886470588235
0.119445 136.867529411765
0.119499 136.867529411765
0.119552 136.867529411765
0.119605 136.867529411765
0.119658 136.886470588235
0.119712 136.867529411765
0.119765 136.867529411765
0.119818 136.886470588235
0.119872 136.905411764706
0.119925 136.924352941176
0.119978 136.924352941176
0.120032 136.886470588235
0.120085 136.867529411765
0.120138 136.867529411765
0.120191 136.905411764706
0.120245 136.905411764706
0.120298 136.924352941176
0.120351 136.943294117647
0.120405 136.924352941176
0.120458 136.943294117647
0.120511 136.981176470588
0.120565 136.981176470588
0.120618 136.981176470588
0.120671 136.981176470588
0.120724 136.981176470588
0.120778 137.000117647059
0.120831 137.000117647059
0.120884 137.019058823529
0.120938 137.019058823529
0.120991 137.038
0.121044 137.038
0.121098 137.019058823529
0.121151 137.038
0.121204 137.019058823529
0.121257 137.019058823529
0.121311 137.019058823529
0.121364 137.019058823529
0.121417 137.019058823529
0.121471 137.019058823529
0.121524 137.056941176471
0.121577 137.075882352941
0.121631 137.038
0.121684 137.019058823529
0.121737 137.019058823529
0.12179 137.019058823529
0.121844 137.019058823529
0.121897 137.019058823529
0.12195 137.000117647059
0.122004 136.981176470588
0.122057 136.981176470588
0.12211 137.000117647059
0.122164 137.000117647059
0.122217 137.019058823529
0.12227 137.038
0.122323 137.038
0.122377 137.075882352941
0.12243 137.056941176471
0.122483 137.075882352941
0.122537 137.075882352941
0.12259 137.075882352941
0.122643 137.056941176471
0.122697 136.981117647059
0.12275 137.000058823529
0.122803 137.000058823529
0.122856 137.000058823529
0.12291 137.019
0.122963 136.981117647059
0.123016 136.962176470588
0.12307 137.000058823529
0.123123 137.037941176471
0.123176 137.019
0.12323 137.056882352941
0.123283 137.037941176471
0.123336 137.000058823529
0.123389 136.981117647059
0.123443 136.981117647059
0.123496 136.981117647059
0.123549 136.981117647059
0.123603 136.981117647059
0.123656 137.000058823529
0.123709 137.019
0.123763 137.056882352941
0.123816 137.075823529412
0.123869 137.037941176471
0.123922 137.037941176471
0.123976 137.056882352941
0.124029 137.075823529412
0.124082 137.056882352941
0.124136 137.019
0.124189 136.981117647059
0.124242 136.981117647059
0.124296 136.962176470588
0.124349 137.000058823529
0.124402 137.000058823529
0.124455 137.000058823529
0.124509 137.038
0.124562 137.019058823529
0.124615 136.981176470588
0.124669 137.000117647059
0.124722 136.981176470588
0.124775 136.981176470588
0.124829 137.000117647059
0.124882 137.000117647059
0.124935 136.962235294118
0.124988 136.962235294118
0.125042 136.962235294118
0.125095 136.962235294118
0.125148 136.943294117647
0.125202 136.943294117647
0.125255 136.962235294118
0.125308 136.943294117647
0.125362 136.981176470588
0.125415 136.981176470588
0.125468 136.962235294118
0.125521 136.943294117647
0.125575 136.905411764706
0.125628 136.924352941176
0.125681 136.962235294118
0.125735 136.962235294118
0.125788 136.924352941176
0.125841 136.924352941176
0.125895 136.924352941176
0.125948 136.905411764706
0.126001 136.943294117647
0.126054 136.962235294118
0.126108 136.981176470588
0.126161 136.943294117647
0.126214 136.962235294118
0.126268 136.962235294118
0.126321 137.000117647059
0.126374 137.000117647059
0.126428 137.000117647059
0.126481 137.000117647059
0.126534 137.019058823529
0.126587 137.056941176471
0.126641 137.075882352941
0.126694 137.038
0.126747 137.056941176471
0.126801 137.094823529412
0.126854 137.094823529412
0.126907 137.094823529412
0.126961 137.094823529412
0.127014 137.094823529412
0.127067 137.094823529412
0.12712 137.094823529412
0.127174 137.038
0.127227 137.019058823529
0.12728 137.038
0.127334 137.075882352941
0.127387 137.094823529412
0.12744 137.038
0.127494 137.000117647059
0.127547 136.962235294118
0.1276 137.019058823529
0.127653 137.000117647059
0.127707 137.019058823529
0.12776 137.056941176471
0.127813 137.019058823529
0.127867 137.019058823529
0.12792 137.019058823529
0.127973 137.019058823529
0.128027 137.000117647059
0.12808 137.000117647059
0.128133 136.981176470588
0.128186 137.000117647059
0.12824 137.000117647059
0.128293 137.000117647059
0.128346 137.000117647059
0.1284 136.981176470588
0.128453 136.962235294118
0.128506 136.981176470588
0.12856 136.962235294118
0.128613 136.924352941176
0.128666 136.924352941176
0.128719 136.924352941177
0.128773 136.943294117647
0.128826 136.924352941176
0.128879 136.943294117647
0.128933 136.943294117647
0.128986 136.943294117647
0.129039 136.962235294118
0.129093 136.962235294118
0.129146 136.943294117647
0.129199 136.962235294118
0.129252 136.981176470588
0.129306 137.000117647059
0.129359 137.000117647059
0.129412 136.981176470588
0.129466 136.981176470588
0.129519 136.981176470588
0.129572 136.981176470588
0.129626 137.000117647059
0.129679 137.000117647059
0.129732 137.000117647059
0.129785 137.019058823529
0.129839 137.019058823529
0.129892 137.019058823529
0.129945 137.000117647059
0.129999 137.000117647059
0.130052 137.019058823529
0.130105 137.000117647059
0.130159 136.981176470588
0.130212 136.981176470588
0.130265 136.981176470588
0.130318 136.924294117647
0.130372 136.924294117647
0.130425 136.962176470588
0.130478 136.943235294118
0.130532 136.943235294118
0.130585 136.943235294118
0.130638 136.943235294118
0.130692 136.943235294118
0.130745 136.943235294118
0.130798 136.962176470588
0.130851 136.962176470588
0.130905 136.943235294118
0.130958 136.943235294118
0.131011 136.943235294118
0.131065 136.943235294118
0.131118 136.924294117647
0.131171 136.924294117647
0.131225 136.905352941176
0.131278 136.924294117647
0.131331 136.905352941176
0.131384 136.905352941176
0.131438 136.867470588235
0.131491 136.867470588235
0.131544 136.810588235294
0.131598 136.810588235294
0.131651 136.810588235294
0.131704 136.829529411765
0.131758 136.810588235294
0.131811 136.810588235294
0.131864 136.791647058824
0.131917 136.791647058824
0.131971 136.810588235294
0.132024 136.829529411765
0.132077 136.829529411765
0.132131 136.867470588235
0.132184 136.867470588235
0.132237 136.867470588235
0.132291 136.867470588235
0.132344 136.886411764706
0.132397 136.905352941176
0.13245 136.924294117647
0.132504 136.924294117647
0.132557 136.924294117647
0.13261 136.943235294118
0.132664 136.905352941176
0.132717 136.905352941176
0.13277 136.905352941176
0.132824 136.905352941176
0.132877 136.886411764706
0.13293 136.924294117647
0.132983 136.943235294118
0.133037 136.981117647059
0.13309 136.943235294118
0.133143 136.943235294118
0.133197 136.924294117647
0.13325 136.943235294118
0.133303 136.962176470588
0.133357 137.019058823529
0.13341 137.019058823529
0.133463 137.000117647059
0.133516 137.000117647059
0.13357 137.019058823529
0.133623 137.000117647059
0.133676 137.000117647059
0.13373 137.000117647059
0.133783 136.981176470588
0.133836 136.981176470588
0.13389 136.981176470588
0.133943 136.962235294118
0.133996 136.962235294118
0.134049 136.962235294118
0.134103 137.000117647059
0.134156 136.981176470588
0.134209 137.000117647059
0.134263 137.019058823529
0.134316 136.981176470588
0.134369 136.962235294118
0.134423 136.943294117647
0.134476 136.962235294118
0.134529 137.000117647059
0.134582 137.000117647059
0.134636 137.000117647059
0.134689 137.000117647059
0.134742 137.000117647059
0.134796 136.981176470588
0.134849 136.962235294118
0.134902 136.981176470588
0.134956 136.981176470588
0.135009 137.000117647059
0.135062 137.000117647059
0.135115 137.038
0.135169 137.019058823529
0.135222 137.000117647059
0.135275 137.019058823529
0.135329 137.000117647059
0.135382 137.000117647059
0.135435 137.019058823529
0.135489 137.019058823529
0.135542 137.038
0.135595 137.038
0.135648 137.038
0.135702 137.019058823529
0.135755 137.056941176471
0.135808 137.056941176471
0.135862 137.038
0.135915 137.019058823529
0.135968 137.019058823529
0.136022 136.981176470588
0.136075 136.943294117647
0.136128 136.962235294118
0.136181 136.962235294118
0.136235 136.962235294118
0.136288 137.000117647059
0.136341 136.981176470588
0.136395 136.962235294118
0.136448 136.962235294118
0.136501 136.943235294118
0.136555 136.943235294118
0.136608 136.943235294118
0.136661 136.943235294118
0.136714 136.943235294118
0.136768 137.000058823529
0.136821 136.981117647059
0.136874 136.981117647059
0.136928 136.924294117647
0.136981 136.943235294118
0.137034 136.943235294118
0.137088 136.924294117647
0.137141 136.924294117647
0.137194 136.943235294118
0.137247 136.943235294118
0.137301 136.962176470588
0.137354 136.943235294118
0.137407 136.962176470588
0.137461 136.981117647059
0.137514 137.019
0.137567 137.000058823529
0.137621 136.981117647059
0.137674 136.981117647059
0.137727 136.962176470588
0.13778 136.943235294118
0.137834 136.943235294118
0.137887 136.981117647059
0.13794 136.962176470588
0.137994 136.962176470588
0.138047 136.962176470588
0.1381 136.924294117647
0.138154 136.924294117647
0.138207 136.905352941176
0.13826 136.867470588235
0.138313 136.905411764706
0.138367 136.867529411765
0.13842 136.886470588235
0.138473 136.905411764706
0.138527 136.886470588235
0.13858 136.829647058824
0.138633 136.829647058824
0.138687 136.810705882353
0.13874 136.810705882353
0.138793 136.772823529412
0.138846 136.772823529412
0.1389 136.772823529412
0.138953 136.753882352941
0.139006 136.753882352941
0.13906 136.734941176471
0.139113 136.716
0.139166 136.734941176471
0.13922 136.697058823529
0.139273 136.697058823529
0.139326 136.697058823529
0.139379 136.734941176471
0.139433 136.734941176471
0.139486 136.734941176471
0.139539 136.753882352941
0.139593 136.810705882353
0.139646 136.810705882353
0.139699 136.791764705882
0.139753 136.810705882353
0.139806 136.810705882353
0.139859 136.791764705882
0.139912 136.772823529412
0.139966 136.753882352941
0.140019 136.772823529412
0.140072 136.810705882353
0.140126 136.810705882353
0.140179 136.867529411765
0.140232 136.848588235294
0.140286 136.829647058824
0.140339 136.848588235294
0.140392 136.848588235294
0.140445 136.867529411765
0.140499 136.867529411765
0.140552 136.848588235294
0.140605 136.867529411765
0.140659 136.905411764706
0.140712 136.905411764706
0.140765 136.924352941176
0.140819 136.924352941176
0.140872 136.905411764706
0.140925 136.886470588235
0.140978 136.848588235294
0.141032 136.886470588235
0.141085 136.848588235294
0.141138 136.848588235294
0.141192 136.810705882353
0.141245 136.829647058824
0.141298 136.867529411765
0.141352 136.867529411765
0.141405 136.848588235294
0.141458 136.829647058824
0.141511 136.791705882353
0.141565 136.829588235294
0.141618 136.867470588235
0.141671 136.867470588235
0.141725 136.886411764706
0.141778 136.905352941176
0.141831 136.905352941176
0.141885 136.924294117647
0.141938 136.924294117647
0.141991 136.886411764706
0.142044 136.886411764706
0.142098 136.886411764706
0.142151 136.848470588235
0.142204 136.848470588235
0.142258 136.848470588235
0.142311 136.867411764706
0.142364 136.886352941176
0.142418 136.905294117647
0.142471 136.886352941176
0.142524 136.924235294118
0.142577 136.943176470588
0.142631 136.924235294118
0.142684 136.962117647059
0.142737 137
0.142791 137
0.142844 136.962117647059
0.142897 136.962117647059
0.142951 136.962117647059
0.143004 136.943176470588
0.143057 136.905235294118
0.14311 136.867352941176
0.143164 136.886294117647
0.143217 136.867352941176
0.14327 136.886294117647
0.143324 136.943176470588
0.143377 136.905294117647
0.14343 136.867411764706
0.143484 136.886352941176
0.143537 136.905294117647
0.14359 136.886352941176
0.143643 136.905294117647
0.143697 136.886352941176
0.14375 136.886352941176
0.143803 136.905294117647
0.143857 136.905294117647
0.14391 136.924235294118
0.143963 137.000058823529
0.144017 136.981117647059
0.14407 136.962176470588
0.144123 136.962176470588
0.144176 136.962176470588
0.14423 136.943235294118
0.144283 136.924294117647
0.144336 136.905352941176
0.14439 136.886411764706
0.144443 136.886411764706
0.144496 136.886411764706
0.14455 136.886411764706
0.144603 136.905352941176
0.144656 136.943235294118
0.144709 136.943235294118
0.144763 136.924294117647
0.144816 136.962176470588
0.144869 137.000117647059
0.144923 137.019058823529
0.144976 136.962235294118
0.145029 136.981176470588
0.145083 136.962235294118
0.145136 136.962235294118
0.145189 136.962235294118
0.145242 137.000117647059
0.145296 137.000117647059
0.145349 136.981176470588
0.145402 136.981176470588
0.145456 136.962235294118
0.145509 136.924352941176
0.145562 136.924352941176
0.145616 136.905411764706
0.145669 136.905411764706
0.145722 136.886470588235
0.145775 136.867529411765
0.145829 136.924352941176
0.145882 136.943294117647
0.145935 136.981176470588
0.145989 137.000117647059
0.146042 137.000117647059
0.146095 137.000117647059
0.146149 136.962235294118
0.146202 136.943294117647
0.146255 136.962235294118
0.146308 136.943294117647
0.146362 136.924352941176
0.146415 136.943294117647
0.146468 136.924352941176
0.146522 136.924352941176
0.146575 136.943294117647
0.146628 136.943294117647
0.146682 136.962235294118
0.146735 136.924352941176
0.146788 136.962235294118
0.146841 136.962235294118
0.146895 137.000117647059
0.146948 137.000117647059
0.147001 137.019058823529
0.147055 137.000117647059
0.147108 137.000117647059
0.147161 137.056941176471
0.147215 137.056941176471
0.147268 137.038
0.147321 137.075882352941
0.147374 137.075882352941
0.147428 137.094823529412
0.147481 137.094823529412
0.147534 137.075882352941
0.147588 137.056941176471
0.147641 137.038
0.147694 137.056941176471
0.147748 137.038
0.147801 137.038
0.147854 137.056941176471
0.147907 137.056941176471
0.147961 137.075882352941
0.148014 137.094823529412
0.148067 137.094823529412
0.148121 137.094823529412
0.148174 137.094823529412
0.148227 137.094823529412
0.148281 137.094823529412
0.148334 137.113764705882
0.148387 137.113764705882
0.14844 137.094823529412
0.148494 137.056941176471
0.148547 137.075882352941
0.1486 137.038
0.148654 137.019058823529
0.148707 137.000117647059
0.14876 136.981176470588
0.148814 136.962235294118
0.148867 136.962235294118
0.14892 136.981176470588
0.148973 136.905411764706
0.149027 136.886470588235
0.14908 136.905411764706
0.149133 136.886470588235
0.149187 136.905411764706
0.14924 136.886470588235
0.149293 136.905411764706
0.149347 136.886470588235
0.1494 136.886470588235
0.149453 136.886470588235
0.149506 136.848588235294
0.14956 136.829647058824
0.149613 136.810705882353
0.149666 136.791764705882
0.14972 136.810705882353
0.149773 136.829647058824
0.149826 136.848588235294
0.14988 136.829647058824
0.149933 136.829647058824
0.149986 136.810705882353
0.150039 136.791764705882
0.150093 136.810705882353
0.150146 136.810705882353
0.150199 136.810705882353
0.150253 136.810705882353
0.150306 136.810705882353
0.150359 136.810705882353
0.150413 136.829647058824
0.150466 136.829647058824
0.150519 136.829647058824
0.150572 136.867529411765
0.150626 136.886470588235
0.150679 136.924352941176
0.150732 136.886470588235
0.150786 136.905411764706
0.150839 136.962235294118
0.150892 137.000117647059
0.150946 137.000117647059
0.150999 137.000117647059
0.151052 137.000117647059
0.151105 137.000117647059
0.151159 137.019058823529
0.151212 137.038
0.151265 137.019058823529
0.151319 137.019058823529
0.151372 137.038
0.151425 137.038
0.151479 137.056941176471
0.151532 137.038
0.151585 137.019058823529
0.151638 137.019058823529
0.151692 137.019058823529
0.151745 137.038
0.151798 137.056941176471
0.151852 137.056941176471
0.151905 137.019058823529
0.151958 137.019058823529
0.152012 137.000117647059
0.152065 137.019058823529
0.152118 137.056941176471
0.152171 137.056941176471
0.152225 137.075882352941
0.152278 137.056941176471
0.152331 137.094823529412
0.152385 137.038
0.152438 137.019058823529
0.152491 136.981176470588
0.152545 136.962235294118
0.152598 136.962235294118
0.152651 136.924352941176
0.152704 136.905411764706
0.152758 136.905411764706
0.152811 136.905411764706
0.152864 136.905411764706
0.152918 136.924352941176
0.152971 136.924352941176
0.153024 136.905411764706
0.153078 136.905411764706
0.153131 136.924352941176
0.153184 136.905411764706
0.153237 136.886470588235
0.153291 136.867529411765
0.153344 136.867529411765
0.153397 136.886470588235
0.153451 136.867529411765
0.153504 136.867529411765
0.153557 136.848588235294
0.153611 136.848588235294
0.153664 136.867529411765
0.153717 136.905411764706
0.15377 136.886470588235
0.153824 136.886470588235
0.153877 136.867529411765
0.15393 136.867529411765
0.153984 136.867529411765
0.154037 136.848588235294
0.15409 136.867529411765
0.154144 136.848588235294
0.154197 136.905411764706
0.15425 136.886470588235
0.154303 136.905411764706
0.154357 136.924352941176
0.15441 136.905411764706
0.154463 136.924352941176
0.154517 136.905411764706
0.15457 136.943294117647
0.154623 136.924352941176
0.154677 136.924352941176
0.15473 136.886470588235
0.154783 136.867529411765
0.154836 136.867529411765
0.15489 136.867529411765
0.154943 136.829647058824
0.154996 136.829647058824
0.15505 136.848588235294
0.155103 136.867529411765
0.155156 136.829588235294
0.15521 136.810647058824
0.155263 136.810647058824
0.155316 136.829588235294
0.155369 136.848529411765
0.155423 136.848529411765
0.155476 136.848529411765
0.155529 136.829588235294
0.155583 136.848529411765
0.155636 136.867470588235
0.155689 136.886411764706
0.155743 136.886411764706
0.155796 136.848470588235
0.155849 136.848470588235
0.155902 136.848470588235
0.155956 136.848470588235
0.156009 136.829529411765
0.156062 136.867411764706
0.156116 136.848470588235
0.156169 136.829529411765
0.156222 136.867411764706
0.156276 136.886352941176
0.156329 136.924235294118
0.156382 136.905294117647
0.156435 136.905294117647
0.156489 136.886352941176
0.156542 136.886352941176
0.156595 136.886352941176
0.156649 136.848411764706
0.156702 136.791529411765
0.156755 136.772529411765
0.156809 136.696705882353
0.156862 136.601941176471
0.156915 136.507176470588
0.156968 136.450352941176
0.157022 136.317705882353
0.157075 136.222941176471
0.157128 136.071352941177
0.157182 135.919764705882
0.157235 135.787117647059
0.157288 135.673411764706
0.157342 135.540764705882
0.157395 135.370235294118
0.157448 135.199705882353
0.157501 134.991235294118
0.157555 134.801705882353
0.157608 134.650117647059
0.157661 134.422705882353
0.157715 134.233176470588
0.157768 134.005764705882
0.157821 133.778352941176
0.157875 133.550941176471
0.157928 133.342470588235
0.157981 133.134
0.158034 132.830823529412
0.158088 132.546588235294
0.158141 132.243411764706
0.158194 131.921235294118
0.158248 131.618
0.158301 131.333705882353
0.158354 131.049470588235
0.158408 130.765176470588
0.158461 130.499882352941
0.158514 130.272529411765
0.158567 129.988294117647
0.158621 129.723
0.158674 129.457705882353
0.158727 129.154529411765
0.158781 128.889235294118
0.158834 128.642882352941
0.158887 128.358647058824
0.158941 128.093352941176
0.158994 127.828058823529
0.159047 127.562764705882
0.1591 127.259588235294
0.159154 126.975352941176
0.159207 126.691058823529
0.15926 126.406764705882
0.159314 126.122529411765
0.159367 125.838294117647
0.15942 125.573
0.159474 125.326647058824
0.159527 125.042411764706
0.15958 124.796058823529
0.159633 124.492882352941
0.159687 124.189705882353
0.15974 123.886529411765
0.159793 123.583352941176
0.159847 123.355941176471
0.1599 123.052764705882
0.159953 122.787470588235
0.160007 122.522176470588
0.16006 122.275882352941
0.160113 122.010588235294
0.160166 121.707352941176
0.16022 121.442058823529
0.160273 121.157823529412
0.160326 120.835647058824
0.16038 120.551411764706
0.160433 120.286117647059
0.160486 120.039764705882
0.16054 119.793411764706
0.160593 119.547058823529
0.160646 119.281764705882
0.160699 119.016470588235
0.160753 118.789058823529
0.160806 118.542705882353
0.160859 118.277411764706
0.160913 118.031058823529
0.160966 117.803647058824
0.161019 117.538411764706
0.161073 117.292117647059
0.161126 117.064764705882
0.161179 116.818470588235
0.161232 116.591117647059
0.161286 116.344764705882
0.161339 116.098411764706
0.161392 115.833117647059
0.161446 115.586764705882
0.161499 115.378294117647
0.161552 115.131941176471
0.161606 114.904529411765
0.161659 114.658176470588
0.161712 114.449705882353
0.161765 114.203352941176
0.161819 113.994941176471
0.161872 113.729647058824
0.161925 113.502294117647
0.161979 113.256
0.162032 112.990764705882
0.162085 112.763411764706
0.162139 112.555
0.162192 112.308647058823
0.162245 112.043352941176
0.162298 111.797
0.162352 111.550647058824
0.162405 111.285352941176
0.162458 111.057941176471
0.162512 110.811588235294
0.162565 110.565235294118
0.162618 110.337823529412
0.162672 110.129352941176
0.162725 109.864058823529
0.162778 109.598764705882
0.162831 109.390294117647
0.162885 109.143941176471
0.162938 108.916529411765
0.162991 108.670176470588
0.163045 108.404882352941
0.163098 108.177529411765
0.163151 107.950176470588
0.163205 107.703882352941
0.163258 107.476470588235
0.163311 107.211176470588
0.163364 107.040647058824
0.163418 106.775352941176
0.163471 106.547941176471
0.163524 106.320529411765
0.163578 106.074176470588
0.163631 105.808882352941
0.163684 105.619352941176
0.163738 105.391941176471
0.163791 105.183470588235
0.163844 104.993941176471
0.163897 104.747588235294
0.163951 104.520176470588
0.164004 104.292823529412
0.164057 104.084411764706
0.164111 103.876
0.164164 103.667588235294
0.164217 103.459176470588
0.164271 103.231823529412
0.164324 103.042352941176
0.164377 102.796
0.16443 102.530705882353
0.164484 102.303352941176
0.164537 102.075941176471
0.16459 101.848529411765
0.164644 101.659058823529
0.164697 101.469529411765
0.16475 101.261058823529
0.164804 101.033647058824
0.164857 100.844117647059
0.16491 100.616705882353
0.164963 100.408235294118
0.165017 100.180823529412
0.16507 99.9724117647059
0.165123 99.7829411764706
0.165177 99.498705882353
0.16523 99.3092352941177
0.165283 99.1008235294118
0.165337 98.8734705882353
0.16539 98.6650588235294
0.165443 98.4755882352941
0.165496 98.2292352941176
0.16555 98.0018235294118
0.165603 97.7933529411765
0.165656 97.5849411764706
0.16571 97.4144117647059
0.165763 97.187
0.165816 97.0164117647059
0.16587 96.8268823529412
0.165923 96.5994705882353
0.165976 96.4099411764706
0.166029 96.2014705882353
0.166083 95.993
0.166136 95.7845294117647
0.166189 95.614
0.166243 95.4624117647059
0.166296 95.235
0.166349 95.0455294117647
0.166403 94.875
0.166456 94.6475882352941
0.166509 94.4391764705882
0.166562 94.2686470588235
0.166616 94.0981176470588
0.166669 93.9275882352941
0.166722 93.7381176470588
0.166776 93.5486470588236
0.166829 93.3781176470588
0.166882 93.2075882352941
0.166936 92.9801764705882
0.166989 92.8095882352941
0.167042 92.6011176470588
0.167095 92.3926470588235
0.167149 92.1841764705882
0.167202 92.0135882352941
0.167255 91.8240588235294
0.167309 91.6535294117647
0.167362 91.4640588235294
0.167415 91.2556470588235
0.167469 91.0471764705882
0.167522 90.8197647058823
0.167575 90.6302941176471
0.167628 90.4218823529412
0.167682 90.1945294117647
0.167735 89.9861176470588
0.167788 89.7966470588235
0.167842 89.6071764705882
0.167895 89.4366470588235
0.167948 89.2471764705882
0.168002 89.0577058823529
0.168055 88.8303529411765
0.168108 88.6598235294118
0.168161 88.4892941176471
0.168215 88.2808823529412
0.168268 88.0914117647059
0.168321 87.9019411764706
0.168375 87.6555882352941
0.168428 87.4850588235294
0.168481 87.238705882353
0.168535 87.0491764705883
0.168588 86.8217647058823
0.168641 86.6701764705882
0.168694 86.4806470588235
0.168748 86.3101176470588
0.168801 86.1395882352941
0.168854 86.0069411764706
0.168908 85.8364117647059
0.168961 85.6469411764706
0.169014 85.4764117647059
0.169068 85.3248235294118
0.169121 85.1353529411765
0.169174 84.9458823529412
0.169227 84.7753529411765
0.169281 84.6237647058823
0.169334 84.4721764705882
0.169387 84.3205882352941
0.169441 84.1311176470588
0.169494 83.9795294117647
0.169547 83.8279411764706
0.169601 83.6194705882353
0.169654 83.4678823529412
0.169707 83.2973529411765
0.16976 83.1268235294118
0.169814 82.9372941176471
0.169867 82.7856470588235
0.16992 82.6150588235294
0.169974 82.4255294117647
0.170027 82.236
0.17008 82.0654117647059
0.170134 81.9137647058823
0.170187 81.7811176470588
0.17024 81.5915882352941
0.170293 81.4210588235294
0.170347 81.2694705882353
0.1704 81.0989411764706
0.170453 80.8715294117647
0.170507 80.7199411764706
0.17056 80.5304705882353
0.170613 80.3220588235294
0.170667 80.0947058823529
0.17072 79.9052352941177
0.170773 79.7725882352941
0.170826 79.5641764705882
0.17088 79.3936470588235
0.170933 79.2231176470588
0.170986 79.0525294117647
0.17104 78.9198823529412
0.171093 78.7304117647059
0.171146 78.5598823529412
0.1712 78.3893529411765
0.171253 78.2187647058824
0.171306 78.0292352941177
0.171359 77.8586470588235
0.171413 77.6881176470588
0.171466 77.4796470588235
0.171519 77.328
0.171573 77.1384705882353
0.171626 76.9679411764706
0.171679 76.7784705882353
0.171733 76.6079411764706
0.171786 76.4752941176471
0.171839 76.323705882353
0.171892 76.1531764705882
0.171946 76.0015882352941
0.171999 75.85
0.172052 75.6984117647059
0.172106 75.5468235294118
0.172159 75.376294117647
0.172212 75.2436470588235
0.172266 75.0920588235294
0.172319 74.9215294117647
0.172372 74.7699411764706
0.172425 74.6183529411765
0.172479 74.4857058823529
0.172532 74.3151176470588
0.172585 74.1255882352941
0.172639 73.9929411764706
0.172692 73.8034117647059
0.172745 73.6517647058824
0.172799 73.5191176470588
0.172852 73.3106470588235
0.172905 73.1400588235294
0.172958 72.9505294117647
0.173012 72.761
0.173065 72.6094117647059
0.173118 72.4767647058824
0.173172 72.3251764705882
0.173225 72.1925294117647
0.173278 72.022
0.173332 71.8325294117647
0.173385 71.6998823529412
0.173438 71.5482941176471
0.173491 71.4156470588235
0.173545 71.2640588235294
0.173598 71.0935294117647
0.173651 70.9419411764706
0.173705 70.8092941176471
0.173758 70.6008823529412
0.173811 70.4303529411765
0.173865 70.2598235294118
0.173918 70.1082352941176
0.173971 69.9566470588235
0.174024 69.7861176470588
0.174078 69.5965882352941
0.174131 69.4260588235294
0.174184 69.3123529411765
0.174238 69.160705882353
0.174291 69.0280588235294
0.174344 68.9144117647059
0.174398 68.7817647058824
0.174451 68.6111764705882
0.174504 68.4785294117647
0.174557 68.3458823529412
0.174611 68.2132352941177
0.174664 68.0805882352941
0.174717 67.929
0.174771 67.7963529411765
0.174824 67.663705882353
0.174877 67.55
0.174931 67.3984117647059
0.174984 67.2657647058824
0.175037 67.1141764705883
0.17509 67.0004705882353
0.175144 66.8867647058824
0.175197 66.7351764705883
0.17525 66.6025294117647
0.175304 66.4698823529412
0.175357 66.2993529411765
0.17541 66.1477647058824
0.175464 66.0151176470589
0.175517 65.8635294117647
0.17557 65.7308823529412
0.175623 65.5982352941177
0.175677 65.4845294117647
0.17573 65.3329411764706
0.175783 65.1813529411765
0.175837 65.029705882353
0.17589 64.916
0.175943 64.7833529411765
0.175997 64.6317647058824
0.17605 64.4991176470588
0.176103 64.3285294117647
0.176156 64.1768823529412
0.17621 64.0442352941177
0.176263 63.9305294117647
0.176316 63.7789411764706
0.17637 63.6273529411765
0.176423 63.4757647058824
0.176476 63.3620588235294
0.17653 63.2294117647059
0.176583 63.0778235294118
0.176636 62.9262352941177
0.176689 62.755705882353
0.176743 62.6609411764706
0.176796 62.5282941176471
0.176849 62.376705882353
0.176903 62.2819411764706
0.176956 62.1114117647059
0.177009 61.9787647058824
0.177063 61.8461176470589
0.177116 61.6755882352941
0.177169 61.5618823529412
0.177222 61.4292352941177
0.177276 61.2965882352942
0.177329 61.145
0.177382 61.0123529411765
0.177436 60.8607647058824
0.177489 60.7091764705883
0.177542 60.5954705882353
0.177596 60.4628235294118
0.177649 60.3681176470589
0.177702 60.2734117647059
0.177755 60.1407647058824
0.177809 59.9891764705883
0.177862 59.8755294117647
0.177915 59.7428823529412
0.177969 59.6102941176471
0.178022 59.458705882353
0.178075 59.3261176470588
0.178129 59.2314117647059
0.178182 59.0798235294118
0.178235 58.9661764705883
0.178288 58.8145882352941
0.178342 58.7008823529412
0.178395 58.5682352941177
0.178448 58.4545294117647
0.178502 58.3218823529412
0.178555 58.2082352941176
0.178608 58.1135294117647
0.178662 58.0377058823529
0.178715 57.8861176470588
0.178768 57.7724117647059
0.178821 57.6397647058824
0.178875 57.4692352941177
0.178928 57.3744705882353
0.178981 57.2418235294118
0.179035 57.1281176470588
0.179088 56.9954705882353
0.179141 56.8817647058824
0.179195 56.7680588235294
0.179248 56.6732941176471
0.179301 56.5406470588236
0.179354 56.408
0.179408 56.2564117647059
0.179461 56.142705882353
0.179514 56.0100588235294
0.179568 55.8963529411765
0.179621 55.7826470588236
0.179674 55.6878823529412
0.179728 55.6121176470588
0.179781 55.4794705882353
0.179834 55.3468235294118
0.179887 55.2141764705883
0.179941 55.0625882352941
0.179994 54.9488823529412
0.180047 54.8162352941177
0.180101 54.7215294117647
0.180154 54.6078823529412
0.180207 54.5131176470588
0.180261 54.4373529411765
0.180314 54.3425882352941
0.180367 54.2099411764706
0.18042 54.0582941176471
0.180474 53.906705882353
0.180527 53.7740588235294
0.18058 53.6792941176471
0.180634 53.5655882352941
0.180687 53.4897647058824
0.18074 53.3571176470588
0.180794 53.2434117647059
0.180847 53.129705882353
0.1809 53.016
0.180953 52.9022941176471
0.181007 52.7885882352941
0.18106 52.637
0.181113 52.5232941176471
0.181167 52.4095882352942
0.18122 52.3337647058824
0.181273 52.2200588235294
0.181327 52.1252941176471
0.18138 52.0305294117647
0.181433 51.954705882353
0.181486 51.8031176470588
0.18154 51.6894117647059
0.181593 51.5946470588235
0.181646 51.5188823529412
0.1817 51.4241176470588
0.181753 51.3482941176471
0.181806 51.2535882352941
0.18186 51.1588235294118
0.181913 51.0261764705882
0.181966 50.8935294117647
0.182019 50.7798823529412
0.182073 50.6282941176471
0.182126 50.5146470588235
0.182179 50.382
0.182233 50.2683529411765
0.182286 50.135705882353
0.182339 50.041
0.182393 49.9273529411765
0.182446 49.794705882353
0.182499 49.681
0.182552 49.5862352941177
0.182606 49.5104705882353
0.182659 49.3967647058824
0.182712 49.2830588235294
0.182766 49.1693529411765
0.182819 49.0556470588236
0.182872 48.9608823529412
0.182926 48.8661176470589
0.182979 48.7524117647059
0.183032 48.6576470588236
0.183085 48.525
0.183139 48.3923529411765
0.183192 48.2786470588236
0.183245 48.146
0.183299 48.0512352941177
0.183352 47.9185882352941
0.183405 47.8048823529412
0.183459 47.6911764705882
0.183512 47.5964117647059
0.183565 47.4637647058824
0.183618 47.369
0.183672 47.2552941176471
0.183725 47.1605294117647
0.183778 47.0847058823529
0.183832 46.9899411764706
0.183885 46.8951764705882
0.183938 46.8004117647059
0.183992 46.6867058823529
0.184045 46.573
0.184098 46.4972352941176
0.184151 46.3835294117647
0.184205 46.2698235294118
0.184258 46.1940588235294
0.184311 46.0993529411765
0.184365 46.0235882352941
0.184418 45.9098823529412
0.184471 45.7962352941177
0.184525 45.7204705882353
0.184578 45.6067647058824
0.184631 45.5120588235294
0.184684 45.3983529411765
0.184738 45.2846470588236
0.184791 45.152
0.184844 45.0382941176471
0.184898 44.9245882352941
0.184951 44.8677647058824
0.185004 44.7730588235294
0.185058 44.6593529411765
0.185111 44.5645882352941
0.185164 44.4887647058824
0.185217 44.394
0.185271 44.3181764705882
0.185324 44.1855294117647
0.185377 44.0907647058823
0.185431 43.9770588235294
0.185484 43.8633529411765
0.185537 43.8064705882353
0.185591 43.6738235294118
0.185644 43.598
0.185697 43.4842941176471
0.18575 43.4084705882353
0.185804 43.3515882352941
0.185857 43.2568235294118
0.18591 43.2188823529412
0.185964 43.1430588235294
0.186017 43.048294117647
0.18607 42.9345882352941
0.186124 42.8208823529412
0.186177 42.7071764705882
0.18623 42.6124117647059
0.186283 42.5555294117647
0.186337 42.4607647058823
0.18639 42.385
0.186443 42.2902352941176
0.186497 42.2334117647059
0.18655 42.1576470588235
0.186603 42.1197647058824
0.186657 42.0629411764706
0.18671 41.9871764705883
0.186763 41.8734705882353
0.186816 41.7597647058824
0.18687 41.684
0.186923 41.5892941176471
0.186976 41.4566470588235
0.18703 41.3429411764706
0.187083 41.2671764705882
0.187136 41.2103529411765
0.18719 41.1156470588235
0.187243 41.0398823529412
0.187296 40.9830588235294
0.187349 40.8694117647059
0.187403 40.7746470588235
0.187456 40.6799411764706
0.187509 40.5851764705882
0.187563 40.4904705882353
0.187616 40.3767647058824
0.187669 40.282
0.187723 40.1304117647059
0.187776 39.9977647058824
0.187829 39.9409411764706
0.187882 39.8840588235294
0.187936 39.8082352941177
0.187989 39.7324117647059
0.188042 39.6565882352941
0.188096 39.5239411764706
0.188149 39.4102352941176
0.188202 39.3344117647059
0.188256 39.2585882352941
0.188309 39.1827647058824
0.188362 39.088
0.188415 39.0121764705883
0.188469 38.8605882352941
0.188522 38.7468823529412
0.188575 38.6521176470588
0.188629 38.5573529411765
0.188682 38.4815294117647
0.188735 38.3867647058823
0.188789 38.3299411764706
0.188842 38.2352352941176
0.188895 38.1215294117647
0.188948 38.0267647058823
0.189002 37.9130588235294
0.189055 37.818294117647
0.189108 37.7045882352941
0.189162 37.6287647058823
0.189215 37.5340588235294
0.189268 37.4014117647059
0.189322 37.3256470588235
0.189375 37.2308823529412
0.189428 37.1551176470588
0.189481 37.0793529411765
0.189535 37.0414705882353
0.189588 37.0035882352941
0.189641 36.8898823529412
0.189695 36.7951764705882
0.189748 36.7194117647059
0.189801 36.6247058823529
0.189855 36.5110588235294
0.189908 36.4731764705882
0.189961 36.4163529411765
0.190014 36.3216470588235
0.190068 36.2648235294118
0.190121 36.1511764705882
0.190174 36.0564117647059
0.190228 35.9617058823529
0.190281 35.9048235294118
0.190334 35.8479411764706
0.190388 35.7721764705882
0.190441 35.7153529411765
0.190494 35.6205882352941
0.190547 35.5447647058823
0.190601 35.4879411764706
0.190654 35.469
0.190707 35.3931764705882
0.190761 35.3173529411765
0.190814 35.2225882352941
0.190867 35.1657058823529
0.190921 35.1088235294118
0.190974 35.0140588235294
0.191027 35.0140588235294
0.19108 34.9761176470588
0.191134 34.9192352941176
0.191187 34.8434117647059
0.19124 34.7675882352941
0.191294 34.7107058823529
0.191347 34.597
0.1914 34.5211764705882
0.191454 34.4264117647059
0.191507 34.3695294117647
0.19156 34.2937058823529
0.191613 34.2178823529412
0.191667 34.161
0.19172 34.0472941176471
0.191773 33.9714705882353
0.191827 33.8956470588235
0.19188 33.7819411764706
0.191933 33.7061176470588
0.191987 33.6492941176471
0.19204 33.5545294117647
0.192093 33.4977058823529
0.192146 33.4408823529412
0.1922 33.3650588235294
0.192253 33.2702941176471
0.192306 33.2134705882353
0.19236 33.1187647058823
0.192413 33.0429411764706
0.192466 32.9671176470588
0.19252 32.9102941176471
0.192573 32.8155882352941
0.192626 32.7777058823529
0.192679 32.683
0.192733 32.5504117647059
0.192786 32.4935882352941
0.192839 32.3798823529412
0.192893 32.2851764705882
0.192946 32.2094117647059
0.192999 32.1147058823529
0.193053 32.02
0.193106 31.9442352941176
0.193159 31.8495294117647
0.193212 31.7358823529412
0.193266 31.6790588235294
0.193319 31.5654117647059
0.193372 31.4896470588235
0.193426 31.4138823529412
0.193479 31.3191764705882
0.193532 31.2434117647059
0.193586 31.1487058823529
0.193639 31.0539411764706
0.193692 30.9781764705882
0.193745 30.9024117647059
0.193799 30.8266470588235
0.193852 30.7887647058823
0.193905 30.7319411764706
0.193959 30.6371764705882
0.194012 30.5803529411765
0.194065 30.4855882352941
0.194119 30.3908235294118
0.194172 30.3339411764706
0.194225 30.2391764705882
0.194278 30.1444117647059
0.194332 30.0496470588235
0.194385 30.0117647058823
0.194438 29.9359411764706
0.194492 29.8601176470588
0.194545 29.8601176470588
0.194598 29.7842941176471
0.194652 29.6895294117647
0.194705 29.6515882352941
0.194758 29.5947058823529
0.194811 29.5567647058824
0.194865 29.4809411764706
0.194918 29.4240588235294
0.194971 29.3861176470588
0.195025 29.3671176470588
0.195078 29.2912941176471
0.195131 29.2344117647059
0.195185 29.1396470588235
0.195238 29.0638235294118
0.195291 29.0258823529412
0.195344 28.9879411764706
0.195398 28.9310588235294
0.195451 28.8742352941176
0.195504 28.7984117647059
0.195558 28.7604705882353
0.195611 28.7035882352941
0.195664 28.6277647058824
0.195718 28.533
0.195771 28.4951176470588
0.195824 28.4192941176471
0.195877 28.3814117647059
0.195931 28.3245882352941
0.195984 28.2488235294118
0.196037 28.2109411764706
0.196091 28.1541176470588
0.196144 28.1162352941176
0.196197 28.0593529411765
0.196251 28.0025294117647
0.196304 27.9267647058823
0.196357 27.8509411764706
0.19641 27.7941176470588
0.196464 27.7751764705882
0.196517 27.6994117647059
0.19657 27.6236470588235
0.196624 27.5478823529412
0.196677 27.4910588235294
0.19673 27.4152941176471
0.196784 27.3963529411765
0.196837 27.3205882352941
0.19689 27.2827058823529
0.196943 27.2637647058823
0.196997 27.2448235294118
0.19705 27.2448235294118
0.197103 27.1690588235294
0.197157 27.0743529411765
0.19721 27.0175294117647
0.197263 26.9985882352941
0.197317 26.9607058823529
0.19737 26.9038823529412
0.197423 26.8281176470588
0.197476 26.771294117647
0.19753 26.7144705882353
0.197583 26.6387058823529
0.197636 26.5629411764706
0.19769 26.5250588235294
0.197743 26.4492352941176
0.197796 26.4113529411765
0.19785 26.3165882352941
0.197903 26.2787058823529
0.197956 26.1839411764706
0.198009 26.1081764705882
0.198063 26.0702941176471
0.198116 26.0702941176471
0.198169 25.9755294117647
0.198223 25.8618235294118
0.198276 25.7670588235294
0.198329 25.7291764705882
0.198383 25.6722941176471
0.198436 25.5964705882353
0.198489 25.5206470588235
0.198542 25.4637647058824
0.198596 25.369
0.198649 25.2931764705882
0.198702 25.2173529411765
0.198756 25.1225882352941
0.198809 25.0467647058824
0.198862 24.9330588235294
0.198916 24.8951176470588
0.198969 24.8382352941177
0.199022 24.8002941176471
0.199075 24.6865882352941
0.199129 24.6107647058824
0.199182 24.516
0.199235 24.4780588235294
0.199289 24.3832941176471
0.199342 24.3453529411765
0.199395 24.2884705882353
0.199449 24.2126470588235
0.199502 24.1178823529412
0.199555 24.08
0.199608 24.0041764705882
0.199662 23.9284117647059
0.199715 23.8525882352941
0.199768 23.8147058823529
0.199822 23.7388823529412
0.199875 23.6441176470588
0.199928 23.5682941176471
0.199982 23.5304117647059
0.200035 23.5304117647059
0.200088 23.5114705882353
0.200141 23.4167058823529
0.200195 23.3788235294118
0.200248 23.3409411764706
0.200301 23.322
0.200355 23.2651764705882
0.200408 23.2083529411765
0.200461 23.1704705882353
0.200515 23.1136470588235
0.200568 23.0568235294118
0.200621 22.9621176470588
0.200674 22.9242352941176
0.200728 22.8484705882353
0.200781 22.7916470588235
0.200834 22.7158823529412
0.200888 22.6969411764706
0.200941 22.6590588235294
0.200994 22.6211764705882
0.201048 22.5643529411765
0.201101 22.5264705882353
0.201154 22.4507058823529
0.201207 22.4128235294118
0.201261 22.3938823529412
0.201314 22.356
0.201367 22.3181176470588
0.201421 22.2991764705882
0.201474 22.2991764705882
0.201527 22.2234117647059
0.201581 22.1665882352941
0.201634 22.1287058823529
0.201687 22.1287058823529
0.20174 22.0718823529412
0.201794 22.0150588235294
0.201847 21.9582352941176
0.2019 21.9014117647059
0.201954 21.8635294117647
0.202007 21.8067058823529
0.20206 21.7688235294118
0.202114 21.693
0.202167 21.6361764705882
0.20222 21.5414117647059
0.202273 21.4655882352941
0.202327 21.4466470588235
0.20238 21.4277058823529
0.202433 21.4466470588235
0.202487 21.4087647058824
0.20254 21.3708823529412
0.202593 21.3519411764706
0.202647 21.2950588235294
0.2027 21.2571764705882
0.202753 21.1813529411765
0.202806 21.1624117647059
0.20286 21.1055294117647
0.202913 21.0675882352941
0.202966 21.0486470588235
0.20302 20.9728235294118
0.203073 20.897
0.203126 20.8590588235294
0.20318 20.8021764705882
0.203233 20.7452941176471
0.203286 20.6884117647059
0.203339 20.6694117647059
0.203393 20.6314705882353
0.203446 20.5556470588235
0.203499 20.4798235294118
0.203553 20.4418823529412
0.203606 20.4228823529412
0.203659 20.366
0.203713 20.2901764705882
0.203766 20.2332941176471
0.203819 20.1764117647059
0.203872 20.1005882352941
0.203926 20.0816470588235
0.203979 20.0437058823529
0.204032 20.0058235294118
0.204086 19.9679411764706
0.204139 19.8921176470588
0.204192 19.8162941176471
0.204246 19.7404705882353
0.204299 19.6835882352941
0.204352 19.6456470588235
0.204405 19.5698235294118
0.204459 19.5319411764706
0.204512 19.494
0.204565 19.4750588235294
0.204619 19.3802941176471
0.204672 19.3234705882353
0.204725 19.2477058823529
0.204779 19.1718823529412
0.204832 19.1150588235294
0.204885 19.1150588235294
0.204938 19.0582352941177
0.204992 19.0014117647059
0.205045 18.9445882352941
0.205098 18.8688235294118
0.205152 18.7930588235294
0.205205 18.7551764705882
0.205258 18.7172941176471
0.205312 18.6983529411765
0.205365 18.6604705882353
0.205418 18.5847058823529
0.205471 18.5278823529412
0.205525 18.5089411764706
0.205578 18.4710588235294
0.205631 18.4142352941177
0.205685 18.3952941176471
0.205738 18.3195294117647
0.205791 18.2627058823529
0.205845 18.2437647058824
0.205898 18.2058823529412
0.205951 18.168
0.206004 18.1301176470588
0.206058 18.0922352941176
0.206111 18.0164705882353
0.206164 17.9407058823529
0.206218 17.9217647058824
0.206271 17.9028235294118
0.206324 17.8270588235294
0.206378 17.7891764705882
0.206431 17.7702352941177
0.206484 17.7323529411765
0.206537 17.7323529411765
0.206591 17.6755294117647
0.206644 17.6565882352941
0.206697 17.5618823529412
0.206751 17.5050588235294
0.206804 17.4671764705882
0.206857 17.4292941176471
0.206911 17.4292941176471
0.206964 17.4292941176471
0.207017 17.3724705882353
0.20707 17.3724705882353
0.207124 17.3156470588235
0.207177 17.2588235294118
0.20723 17.2398823529412
0.207284 17.202
0.207337 17.1641176470588
0.20739 17.1072352941176
0.207444 17.0882941176471
0.207497 17.0693529411765
0.20755 17.0124705882353
0.207603 16.9745882352941
0.207657 16.9556470588235
0.20771 16.9367058823529
0.207763 16.8988235294118
0.207817 16.8798823529412
0.20787 16.8040588235294
0.207923 16.7851176470588
0.207977 16.7851176470588
0.20803 16.7282352941176
0.208083 16.6714117647059
0.208136 16.6145294117647
0.20819 16.5387058823529
0.208243 16.5197647058824
0.208296 16.5008235294118
0.20835 16.425
0.208403 16.406
0.208456 16.3491176470588
0.20851 16.3491176470588
0.208563 16.3301176470588
0.208616 16.2921764705882
0.208669 16.2542352941176
0.208723 16.1973529411765
0.208776 16.1025882352941
0.208829 16.0646470588235
0.208883 16.0267647058824
0.208936 15.9698823529412
0.208989 15.9319411764706
0.209043 15.8561176470588
0.209096 15.8181764705882
0.209149 15.7612941176471
0.209202 15.7802941176471
0.209256 15.7234117647059
0.209309 15.6855294117647
0.209362 15.6665882352941
0.209416 15.6286470588235
0.209469 15.5528235294118
0.209522 15.4959411764706
0.209576 15.4390588235294
0.209629 15.3632352941177
0.209682 15.3442941176471
0.209735 15.3252941176471
0.209789 15.2494705882353
0.209842 15.1926470588235
0.209895 15.1357647058824
0.209949 15.1357647058824
0.210002 15.0978823529412
0.210055 15.041
0.210109 15.0030588235294
0.210162 15.022
0.210215 14.9651764705882
0.210268 14.9462352941176
0.210322 14.9272352941176
0.210375 14.8893529411765
0.210428 14.8514705882353
0.210482 14.8135882352941
0.210535 14.7757058823529
0.210588 14.7567647058824
0.210642 14.7188823529412
0.210695 14.6241176470588
0.210748 14.6051764705882
0.210801 14.5483529411765
0.210855 14.5483529411765
0.210908 14.5483529411765
0.210961 14.5104705882353
0.211015 14.3967647058824
0.211068 14.3399411764706
0.211121 14.2451764705882
0.211175 14.2262352941176
0.211228 14.1883529411765
0.211281 14.1694117647059
0.211334 14.1504705882353
0.211388 14.1315294117647
0.211441 14.0747058823529
0.211494 14.0557647058824
0.211548 13.98
0.211601 13.9610588235294
0.211654 13.9610588235294
0.211708 13.9421176470588
0.211761 13.9231764705882
0.211814 13.9231764705882
0.211867 13.8663529411765
0.211921 13.8095294117647
0.211974 13.7527058823529
0.212027 13.7527058823529
0.212081 13.7148235294118
0.212134 13.6201176470588
0.212187 13.5443529411765
0.212241 13.5064705882353
0.212294 13.4307058823529
0.212347 13.3928235294118
0.2124 13.4117647058824
0.212454 13.3928235294118
0.212507 13.3738823529412
0.21256 13.2981176470588
0.212614 13.2791764705882
0.212667 13.2223529411765
0.21272 13.1465882352941
0.212774 13.1276470588235
0.212827 13.1087058823529
0.21288 13.0897647058824
0.212933 13.0708235294118
0.212987 13.0329411764706
0.21304 12.9761176470588
0.213093 12.9382352941176
0.213147 12.8814117647059
0.2132 12.8435294117647
0.213253 12.8435294117647
0.213307 12.8056470588235
0.21336 12.7677647058824
0.213413 12.7109411764706
0.213466 12.6730588235294
0.21352 12.6351764705882
0.213573 12.5783529411765
0.213626 12.5025294117647
0.21368 12.4835882352941
0.213733 12.4457058823529
0.213786 12.4267647058824
0.21384 12.3888823529412
0.213893 12.332
0.213946 12.332
0.213999 12.332
0.214053 12.2941176470588
0.214106 12.332
0.214159 12.2941176470588
0.214213 12.2183529411765
0.214266 12.1615294117647
0.214319 12.1235882352941
0.214373 12.1235882352941
0.214426 12.0857058823529
0.214479 12.0667647058824
0.214532 12.0478235294118
0.214586 12.0099411764706
0.214639 11.9909411764706
0.214692 11.972
0.214746 11.9340588235294
0.214799 11.9151176470588
0.214852 11.8961176470588
0.214906 11.8581764705882
0.214959 11.8202352941176
0.215012 11.8012941176471
0.215065 11.7823529411765
0.215119 11.7634117647059
0.215172 11.7634117647059
0.215225 11.7634117647059
0.215279 11.7065294117647
0.215332 11.6685882352941
0.215385 11.6306470588235
0.215439 11.6117058823529
0.215492 11.5548235294118
0.215545 11.5168823529412
0.215598 11.46
0.215652 11.4220588235294
0.215705 11.4220588235294
0.215758 11.3841176470588
0.215812 11.3651176470588
0.215865 11.3461176470588
0.215918 11.2892352941176
0.215972 11.2512941176471
0.216025 11.1944117647059
0.216078 11.1754117647059
0.216131 11.1754117647059
0.216185 11.1754117647059
0.216238 11.1564117647059
0.216291 11.1564117647059
0.216345 11.1184705882353
0.216398 11.1184705882353
0.216451 11.0805882352941
0.216505 11.0237058823529
0.216558 11.0237058823529
0.216611 11.0047058823529
0.216664 10.9668235294118
0.216718 10.9478823529412
0.216771 10.91
0.216824 10.8720588235294
0.216878 10.8530588235294
0.216931 10.8151176470588
0.216984 10.7771764705882
0.217038 10.7202941176471
0.217091 10.7013529411765
0.217144 10.6445294117647
0.217197 10.6066470588235
0.217251 10.5877058823529
0.217304 10.5687647058823
0.217357 10.5119411764706
0.217411 10.4740588235294
0.217464 10.4361764705882
0.217517 10.3982941176471
0.217571 10.3982941176471
0.217624 10.3793529411765
0.217677 10.3414705882353
0.21773 10.3414705882353
0.217784 10.3225294117647
0.217837 10.3225294117647
0.21789 10.2846470588235
0.217944 10.2278235294118
0.217997 10.1709411764706
0.21805 10.152
0.218104 10.0951176470588
0.218157 10.0572352941176
0.21821 10.0003529411765
0.218263 10.0003529411765
0.218317 10.0003529411765
0.21837 9.98141176470588
0.218423 9.94352941176471
0.218477 9.90564705882353
0.21853 9.88670588235294
0.218583 9.86776470588235
0.218637 9.82988235294118
0.21869 9.792
0.218743 9.75411764705882
0.218796 9.69729411764706
0.21885 9.69729411764706
0.218903 9.69729411764706
0.218956 9.67835294117647
0.21901 9.67835294117647
0.219063 9.64047058823529
0.219116 9.65941176470588
0.21917 9.67835294117647
0.219223 9.67835294117647
0.219276 9.64047058823529
0.219329 9.6215294117647
0.219383 9.54576470588235
0.219436 9.50788235294117
0.219489 9.48894117647059
0.219543 9.41317647058823
0.219596 9.35635294117647
0.219649 9.28058823529412
0.219703 9.24270588235294
0.219756 9.24270588235294
0.219809 9.20482352941177
0.219862 9.148
0.219916 9.09117647058824
0.219969 9.05329411764706
0.220022 8.99647058823529
0.220076 8.95858823529412
0.220129 8.90176470588235
0.220182 8.826
0.220236 8.80705882352941
0.220289 8.80705882352941
0.220342 8.75023529411765
0.220395 8.71235294117647
0.220449 8.69341176470588
0.220502 8.61764705882353
0.220555 8.57976470588235
0.220609 8.56082352941177
0.220662 8.54188235294118
0.220715 8.52294117647059
0.220769 8.52294117647059
0.220822 8.48505882352941
0.220875 8.46611764705882
0.220928 8.40929411764706
0.220982 8.40929411764706
0.221035 8.39035294117647
0.221088 8.42823529411765
0.221142 8.40929411764706
0.221195 8.39035294117647
0.221248 8.33352941176471
0.221302 8.31458823529412
0.221355 8.27670588235294
0.221408 8.27670588235294
0.221461 8.27670588235294
0.221515 8.27670588235294
0.221568 8.20088235294118
0.221621 8.18194117647059
0.221675 8.21982352941177
0.221728 8.23876470588235
0.221781 8.25770588235294
0.221835 8.25770588235294
0.221888 8.23876470588235
0.221941 8.23876470588235
0.221994 8.21982352941176
0.222048 8.163
0.222101 8.14405882352941
0.222154 8.14405882352941
0.222208 8.14405882352941
0.222261 8.12511764705882
0.222314 8.14405882352941
0.222368 8.18194117647059
0.222421 8.163
0.222474 8.10617647058824
0.222527 8.04935294117647
0.222581 8.03041176470589
0.222634 8.0114705882353
0.222687 8.03041176470589
0.222741 7.99252941176471
0.222794 7.93570588235294
0.222847 7.87888235294118
0.222901 7.82205882352942
0.222954 7.78417647058824
0.223007 7.74623529411765
0.22306 7.76517647058824
0.223114 7.76517647058824
0.223167 7.76517647058824
0.22322 7.76517647058824
0.223274 7.76517647058824
0.223327 7.72729411764706
0.22338 7.72729411764706
0.223434 7.74623529411765
0.223487 7.6704705882353
0.22354 7.63258823529412
0.223593 7.61364705882353
0.223647 7.59470588235294
0.2237 7.55676470588235
0.223753 7.53782352941176
0.223807 7.53782352941176
0.22386 7.53782352941176
0.223913 7.51888235294118
0.223967 7.49994117647059
0.22402 7.481
0.224073 7.42411764705882
0.224126 7.38617647058823
0.22418 7.31035294117647
0.224233 7.32929411764706
0.224286 7.29135294117647
0.22434 7.27235294117647
0.224393 7.21547058823529
0.224446 7.19652941176471
0.2245 7.13964705882353
0.224553 7.12064705882353
0.224606 7.10164705882353
0.224659 7.10164705882353
0.224713 7.04476470588235
0.224766 7.04476470588235
0.224819 7.04476470588235
0.224873 7.00682352941177
0.224926 6.94994117647059
0.224979 6.912
0.225033 6.85511764705882
0.225086 6.85511764705882
0.225139 6.83611764705882
0.225192 6.81717647058824
0.225246 6.77929411764706
0.225299 6.77929411764706
0.225352 6.76029411764706
0.225406 6.72235294117647
0.225459 6.68441176470588
0.225512 6.70341176470588
0.225566 6.64652941176471
0.225619 6.58964705882353
0.225672 6.58964705882353
0.225725 6.53276470588235
0.225779 6.438
0.225832 6.438
0.225885 6.438
0.225939 6.40011764705882
0.225992 6.40011764705882
0.226045 6.34323529411765
0.226099 6.34323529411765
0.226152 6.30535294117647
0.226205 6.30535294117647
0.226258 6.26741176470588
0.226312 6.24847058823529
0.226365 6.21058823529412
0.226418 6.19164705882353
0.226472 6.19164705882353
0.226525 6.19164705882353
0.226578 6.15370588235294
0.226632 6.13476470588235
0.226685 6.13476470588235
0.226738 6.09688235294117
0.226791 6.07794117647059
0.226845 6.07794117647059
0.226898 6.02105882352941
0.226951 6.00211764705882
0.227005 5.98317647058824
0.227058 5.92629411764706
0.227111 5.90729411764706
0.227165 5.86941176470588
0.227218 5.8315294117647
0.227271 5.8315294117647
0.227324 5.77464705882353
0.227378 5.79358823529412
0.227431 5.79358823529412
0.227484 5.71776470588235
0.227538 5.73670588235294
0.227591 5.77458823529412
0.227644 5.69876470588235
0.227698 5.67982352941176
0.227751 5.67982352941176
0.227804 5.66088235294118
0.227857 5.623
0.227911 5.623
0.227964 5.64194117647059
0.228017 5.64194117647059
0.228071 5.64194117647059
0.228124 5.60405882352941
0.228177 5.58511764705882
0.228231 5.58511764705882
0.228284 5.52823529411765
0.228337 5.50929411764706
0.22839 5.50929411764706
0.228444 5.49035294117647
0.228497 5.43352941176471
0.22855 5.45247058823529
0.228604 5.47141176470588
0.228657 5.47141176470588
0.22871 5.45247058823529
0.228764 5.43352941176471
0.228817 5.41458823529412
0.22887 5.41458823529412
0.228923 5.35776470588235
0.228977 5.33882352941176
0.22903 5.33882352941176
0.229083 5.30094117647059
0.229137 5.31988235294118
0.22919 5.30094117647059
0.229243 5.282
0.229297 5.30094117647059
0.22935 5.282
0.229403 5.282
0.229456 5.282
0.22951 5.282
0.229563 5.24411764705882
0.229616 5.22517647058824
0.22967 5.22517647058823
0.229723 5.16835294117647
0.229776 5.16835294117647
0.22983 5.13047058823529
0.229883 5.07364705882353
0.229936 5.07364705882353
0.229989 5.05470588235294
0.230043 5.03576470588235
0.230096 5.01682352941176
0.230149 4.96
0.230203 4.90317647058824
0.230256 4.88423529411765
0.230309 4.84635294117647
0.230363 4.78952941176471
0.230416 4.77058823529412
0.230469 4.73270588235294
0.230522 4.73270588235294
0.230576 4.71376470588235
0.230629 4.71376470588235
0.230682 4.67588235294118
0.230736 4.69482352941176
0.230789 4.69482352941176
0.230842 4.65694117647059
0.230896 4.67588235294118
0.230949 4.61905882352941
0.231002 4.58117647058824
0.231055 4.58117647058824
0.231109 4.52435294117647
0.231162 4.52435294117647
0.231215 4.48647058823529
0.231269 4.48647058823529
0.231322 4.46752941176471
0.231375 4.48647058823529
0.231429 4.42964705882353
0.231482 4.41070588235294
0.231535 4.39176470588235
0.231588 4.33494117647059
0.231642 4.33494117647059
0.231695 4.33494117647059
0.231748 4.29705882352941
0.231802 4.27811764705882
0.231855 4.22129411764706
0.231908 4.18341176470588
0.231962 4.20235294117647
0.232015 4.18341176470588
0.232068 4.18341176470588
0.232121 4.20235294117647
0.232175 4.20235294117647
0.232228 4.16447058823529
0.232281 4.18341176470588
0.232335 4.16447058823529
0.232388 4.14552941176471
0.232441 4.08870588235294
0.232495 4.10764705882353
0.232548 4.06976470588235
0.232601 4.03188235294118
0.232654 3.994
0.232708 3.95611764705882
0.232761 3.93717647058824
0.232814 3.91823529411765
0.232868 3.89929411764706
0.232921 3.89929411764706
0.232974 3.82352941176471
0.233028 3.82352941176471
0.233081 3.80458823529412
0.233134 3.78564705882353
0.233187 3.76670588235294
0.233241 3.78564705882353
0.233294 3.76670588235294
0.233347 3.76670588235294
0.233401 3.72882352941176
0.233454 3.69094117647059
0.233507 3.69094117647059
0.233561 3.69094117647059
0.233614 3.69094117647059
0.233667 3.70988235294118
0.23372 3.69094117647059
0.233774 3.672
0.233827 3.69094117647059
0.23388 3.69094117647059
0.233934 3.672
0.233987 3.63411764705882
0.23404 3.63411764705882
0.234094 3.57729411764706
0.234147 3.55835294117647
0.2342 3.55835294117647
0.234253 3.55835294117647
0.234307 3.52047058823529
0.23436 3.48258823529412
0.234413 3.50152941176471
0.234467 3.52047058823529
0.23452 3.46364705882353
0.234573 3.46364705882353
0.234627 3.42576470588235
0.23468 3.38788235294118
0.234733 3.36894117647059
0.234786 3.35
0.23484 3.35
0.234893 3.33105882352941
0.234946 3.27423529411765
0.235 3.25529411764706
0.235053 3.21741176470588
0.235106 3.23635294117647
0.23516 3.21741176470588
0.235213 3.25529411764706
0.235266 3.21741176470588
0.235319 3.17952941176471
0.235373 3.17952941176471
0.235426 3.17952941176471
0.235479 3.12270588235294
0.235533 3.12270588235294
0.235586 3.12270588235294
0.235639 3.08482352941176
0.235693 3.00905882352941
0.235746 3.00905882352941
0.235799 2.99011764705882
0.235852 2.97117647058824
0.235906 2.97117647058824
0.235959 2.95223529411765
0.236012 2.93329411764706
0.236066 2.93329411764706
0.236119 2.93329411764706
0.236172 2.91435294117647
0.236226 2.87647058823529
0.236279 2.85752941176471
0.236332 2.89541176470588
0.236385 2.85752941176471
0.236439 2.87647058823529
0.236492 2.87647058823529
0.236545 2.87647058823529
0.236599 2.87647058823529
0.236652 2.85752941176471
0.236705 2.83858823529412
0.236759 2.8764705882353
0.236812 2.85752941176471
0.236865 2.83858823529412
0.236918 2.81964705882353
0.236972 2.81964705882353
0.237025 2.76282352941177
0.237078 2.78176470588235
0.237132 2.76282352941177
0.237185 2.74388235294118
0.237238 2.72494117647059
0.237292 2.72494117647059
0.237345 2.687
0.237398 2.66805882352941
0.237451 2.687
0.237505 2.70594117647059
0.237558 2.70594117647059
0.237611 2.70594117647059
0.237665 2.687
0.237718 2.66805882352941
0.237771 2.66805882352941
0.237825 2.63017647058824
0.237878 2.63017647058824
0.237931 2.61123529411765
0.237984 2.61123529411765
0.238038 2.59229411764706
0.238091 2.55435294117647
0.238144 2.53541176470588
0.238198 2.53541176470588
0.238251 2.49747058823529
0.238304 2.49747058823529
0.238358 2.47852941176471
0.238411 2.51641176470588
0.238464 2.49747058823529
0.238517 2.47852941176471
0.238571 2.47852941176471
0.238624 2.47852941176471
0.238677 2.47852941176471
0.238731 2.42164705882353
0.238784 2.42164705882353
0.238837 2.42164705882353
0.238891 2.38370588235294
0.238944 2.38370588235294
0.238997 2.34576470588235
0.23905 2.34576470588235
0.239104 2.38364705882353
0.239157 2.42158823529412
0.23921 2.40264705882353
0.239264 2.40264705882353
0.239317 2.38370588235294
0.23937 2.32682352941177
0.239424 2.32682352941177
0.239477 2.30788235294118
0.23953 2.26994117647059
0.239583 2.251
0.239637 2.26994117647059
0.23969 2.232
0.239743 2.21305882352941
0.239797 2.21305882352941
0.23985 2.21305882352941
0.239903 2.23205882352941
0.239957 2.21311764705882
0.24001 2.23205882352941
0.240063 2.27
0.240116 2.25105882352941
0.24017 2.27
0.240223 2.23211764705882
0.240276 2.23211764705882
0.24033 2.23211764705882
0.240383 2.17523529411765
0.240436 2.17523529411765
0.24049 2.19417647058824
0.240543 2.21317647058824
0.240596 2.17523529411765
0.240649 2.19417647058824
0.240703 2.21317647058824
0.240756 2.21317647058824
0.240809 2.19423529411765
0.240863 2.15629411764706
0.240916 2.11841176470588
0.240969 2.06152941176471
0.241023 2.04252941176471
0.241076 1.98564705882353
0.241129 1.96664705882353
0.241182 1.98564705882353
0.241236 1.98564705882353
0.241289 1.96664705882353
0.241342 1.96664705882353
0.241396 1.94764705882353
0.241449 1.92870588235294
0.241502 1.94770588235294
0.241556 1.92870588235294
0.241609 1.92870588235294
0.241662 1.89076470588235
0.241715 1.87176470588235
0.241769 1.85276470588235
0.241822 1.81482352941176
0.241875 1.79588235294118
0.241929 1.77688235294118
0.241982 1.75794117647059
0.242035 1.72
0.242089 1.68205882352941
0.242142 1.64411764705882
0.242195 1.64411764705882
0.242248 1.62517647058824
0.242302 1.56829411764706
0.242355 1.53035294117647
0.242408 1.53035294117647
0.242462 1.51141176470588
0.242515 1.51141176470588
0.242568 1.51141176470588
0.242622 1.53035294117647
0.242675 1.51141176470588
0.242728 1.47347058823529
0.242781 1.49241176470588
0.242835 1.45453539764706
0.242888 1.45453539764706
0.242941 1.45453539764706
0.242995 1.45453539764706
0.243048 1.45453539764706
0.243101 1.45453539764706
0.243155 1.43559422117647
0.243208 1.39771785411765
0.243261 1.35977667764706
0.243314 1.32183550117647
0.243368 1.30289432470588
0.243421 1.26495314823529
0.243474 1.28389432470588
0.243528 1.24601795764706
0.243581 1.26501795764706
0.243634 1.28401795764706
0.243688 1.24607678117647
0.243741 1.24607678117647
0.243794 1.22707678117647
0.243847 1.26501795764706
0.243901 1.24607678117647
0.243954 1.26501795764706
0.244007 1.24607678117647
0.244061 1.24607678117647
0.244114 1.26501795764706
0.244167 1.26501795764706
0.244221 1.24607678117647
0.244274 1.20813560470588
0.244327 1.18913560470588
0.24438 1.13225923764706
0.244434 1.11331806117647
0.244487 1.13225923764706
0.24454 1.15120041411765
0.244594 1.15120041411765
0.244647 1.15120041411765
0.2447 1.18914159058823
0.244754 1.17020041411765
0.244807 1.11332404705882
0.24486 1.07538287058824
0.244913 1.05644169411765
0.244967 1.07538287058824
0.24502 1.11325923764706
0.245073 1.09432404705882
0.245127 1.09432404705882
0.24518 1.11326522352941
0.245233 1.11326522352941
0.245287 1.11326522352941
0.24534 1.15114159058824
0.245393 1.09426522352941
0.245446 1.07526522352941
0.2455 1.0942064
0.245553 1.07526522352941
0.245606 1.07526522352941
0.24566 1.03732404705882
0.245713 1.03732404705882
0.245766 1.01838287058824
0.24582 0.99944768
0.245873 0.961506503529412
0.245926 0.961506503529412
0.245979 0.98044768
0.246033 0.961512489411764
0.246086 0.942577298823529
0.246139 0.942577298823529
0.246193 0.980453665882353
0.246246 0.942571312941176
0.246299 0.885747783529412
0.246353 0.885747783529412
0.246406 0.847871416470588
0.246459 0.847871416470588
0.246512 0.772053872941176
0.246566 0.753118682352941
0.246619 0.772053872941176
0.246672 0.772053872941176
0.246726 0.772053872941176
0.246779 0.715230343529412
0.246832 0.677353976470588
0.246886 0.696289167058823
0.246939 0.677353976470588
0.246992 0.639477609411765
0.247045 0.620542418823529
0.247099 0.601601242352941
0.247152 0.563724875294118
0.247205 0.525836536470588
0.247259 0.50689536
0.247312 0.487954183529412
0.247365 0.469018992941176
0.247419 0.450077816470588
0.247472 0.412195463529412
0.247525 0.412195463529412
0.247578 0.393260272941176
0.247632 0.374313110588235
0.247685 0.35537792
0.247738 0.298554390588235
0.247792 0.260678023529412
0.247845 0.279613214117647
0.247898 0.298548404705882
0.247952 0.241724875294118
0.248005 0.222783698823529
0.248058 0.279607228235294
0.248111 0.298554390588235
0.248165 0.279613214117647
0.248218 0.317489581176471
0.248271 0.317489581176471
0.248325 0.336424771764706
0.248378 0.336424771764706
0.248431 0.336424771764706
0.248485 0.336424771764706
0.248538 0.336424771764706
0.248591 0.374307124705882
0.248644 0.355359962352941
0.248698 0.336424771764706
0.248751 0.336424771764706
0.248804 0.336424771764706
0.248858 0.336424771764706
0.248911 0.317489581176471
0.248964 0.336424771764706
0.249018 0.355365948235294
0.249071 0.317483595294118
0.249124 0.279601242352941
0.249177 0.298536432941176
0.249231 0.279601242352941
0.249284 0.298548404705882
0.249337 0.298548404705882
0.249391 0.279601242352941
0.249444 0.279601242352941
0.249497 0.317477609411765
0.249551 0.336424771764706
0.249604 0.317477609411765
0.249657 0.298542418823529
0.24971 0.279607228235294
0.249764 0.279607228235294
0.249817 0.279607228235294
0.24987 0.222783698823529
0.249924 0.203836536470588
0.249977 0.165954183529412
0.25003 0.109130654117647
0.250084 0.109130654117647
0.250137 0.109130654117647
0.25019 0.109130654117647
0.250243 0.0712483011764706
0.250297 0.0712483011764706
0.25035 0.0333659482352941
0.250403 0.0333659482352941
0.250457 0.0523131105882353
0.25051 0.0523131105882353
0.250563 0.0523131105882353
0.250617 0.0333659482352941
0.25067 0.0144187858823529
0.250723 0.0144187858823529
0.250776 -0.00451640470588235
0.25083 0.0144307576470588
0.250883 0.0144307576470588
0.250936 0.0523131105882353
0.25099 0.0144307576470588
0.251043 0.0144307576470588
0.251096 -0.00451640470588235
0.25115 -0.0234515952941176
0.251203 -0.00450443294117647
0.251256 -0.00450443294117647
0.251309 -0.0423808
0.251363 -0.0423808
0.251416 -0.00449844705882353
0.251469 0.0144367435294118
0.251523 0.0144367435294118
0.251576 0.0144367435294118
0.251629 -0.0234456094117647
0.251683 0.0144367435294118
0.251736 0.0333839058823529
0.251789 0.0333839058823529
0.251842 0.0144427294117647
0.251896 0.0144427294117647
0.251949 -0.0234396235294118
0.252002 -0.0234396235294118
0.252056 -0.0234396235294118
0.252109 -0.0423748141176471
0.252162 -0.0234276517647059
0.252216 -0.0423628423529412
0.252269 -0.0613100047058824
0.252322 -0.0613100047058824
0.252375 -0.0423748141176471
0.252429 -0.042374814117647
0.252482 -0.0234276517647059
0.252535 -0.042374814117647
0.252589 -0.0802631529411765
0.252642 -0.0992103152941176
0.252695 -0.0802631529411765
0.252749 -0.118145505882353
0.252802 -0.118145505882353
0.252855 -0.137092668235294
0.252908 -0.118145505882353
0.252962 -0.137092668235294
0.253015 -0.156039830588235
0.253068 -0.156039830588235
0.253122 -0.174986992941176
0.253175 -0.193934155294118
0.253228 -0.212869345882353
0.253282 -0.231804536470588
0.253335 -0.250751698823529
0.253388 -0.269692875294118
0.253441 -0.269692875294118
0.253495 -0.307575228235294
0.253548 -0.326522390588235
0.253601 -0.326522390588235
0.253655 -0.307581214117647
0.253708 -0.326528376470588
0.253761 -0.326528376470588
0.253815 -0.34547553882353
0.253868 -0.364416715294118
0.253921 -0.402305054117647
0.253974 -0.459134569411765
0.254028 -0.459134569411765
0.254081 -0.459134569411765
0.254134 -0.459134569411765
0.254188 -0.47806976
0.254241 -0.459122597647059
0.254294 -0.459122597647059
0.254348 -0.459122597647059
0.254401 -0.440181421176471
0.254454 -0.440181421176471
0.254507 -0.440181421176471
0.254561 -0.42123425882353
0.254614 -0.42123425882353
0.254667 -0.402287096470588
0.254721 -0.42123425882353
0.254774 -0.42123425882353
0.254827 -0.440175435294118
0.254881 -0.440175435294118
0.254934 -0.440175435294118
0.254987 -0.478057788235294
0.25504 -0.497004950588235
0.255094 -0.515952112941177
0.255147 -0.497004950588235
0.2552 -0.478063774117647
0.255254 -0.497004950588235
0.255307 -0.515946127058824
0.25536 -0.496998964705882
0.255414 -0.496998964705882
0.255467 -0.515940141176471
0.25552 -0.534881317647059
0.255573 -0.534881317647059
0.255627 -0.515934155294118
0.25568 -0.515934155294118
0.255733 -0.49699297882353
0.255787 -0.459110625882353
0.25584 -0.496998964705882
0.255893 -0.515940141176471
0.255947 -0.534887303529412
0.256 -0.572775642352941
0.256053 -0.591722804705882
0.256106 -0.610669967058824
0.25616 -0.591722804705882
0.256213 -0.591722804705882
0.256266 -0.591722804705882
0.25632 -0.64855232
0.256373 -0.667499482352941
0.256426 -0.686440658823529
0.25648 -0.686440658823529
0.256533 -0.705381835294118
0.256586 -0.705381835294118
0.256639 -0.705381835294118
0.256693 -0.705381835294118
0.256746 -0.724323011764706
0.256799 -0.68644065882353
0.256853 -0.686440658823529
0.256906 -0.686440658823529
0.256959 -0.743270174117647
0.257013 -0.743270174117647
0.257066 -0.743270174117647
0.257119 -0.705381835294118
0.257172 -0.743270174117647
0.257226 -0.762211350588235
0.257279 -0.743270174117647
0.257332 -0.724328997647059
0.257386 -0.743270174117647
0.257439 -0.781158512941176
0.257492 -0.762217336470588
0.257546 -0.743270174117647
0.257599 -0.743270174117647
0.257652 -0.762211350588235
0.257705 -0.762211350588235
0.257759 -0.781152527058823
0.257812 -0.743264188235294
0.257865 -0.743264188235294
0.257919 -0.762205364705882
0.257972 -0.800093703529412
0.258025 -0.837976056470588
0.258079 -0.856917232941176
0.258132 -0.81903488
0.258185 -0.837976056470588
0.258238 -0.856917232941176
0.258292 -0.875864395294118
0.258345 -0.875864395294118
0.258398 -0.894805571764706
0.258452 -0.894805571764706
0.258505 -0.894805571764706
0.258558 -0.913746748235294
0.258612 -0.932687924705882
0.258665 -0.970570277647059
0.258718 -1.00845263058824
0.258771 -0.989511454117647
0.258825 -1.00845263058824
0.258878 -1.00845263058824
0.258931 -1.04634096941176
0.258985 -1.00845263058824
0.259038 -1.04633498352941
0.259091 -1.04633498352941
0.259145 -1.06527616
0.259198 -1.04633498352941
0.259251 -1.08421733647059
0.259304 -1.08421733647059
0.259358 -1.15998802823529
0.259411 -1.19787038117647
0.259464 -1.17892920470588
0.259518 -1.17892920470588
0.259571 -1.19787038117647
0.259624 -1.23575872
0.259678 -1.23575872
0.259731 -1.21681754352941
0.259784 -1.21681754352941
0.259837 -1.21681754352941
0.259891 -1.23575872
0.259944 -1.25469989647059
0.259997 -1.25469989647059
0.260051 -1.25469989647059
0.260104 -1.29258224941176
0.260157 -1.29258224941176
0.260211 -1.27364107294118
0.260264 -1.27364107294118
0.260317 -1.25469391058824
0.26037 -1.23575273411765
0.260424 -1.21681155764706
0.260477 -1.17892920470588
0.26053 -1.17892920470588
0.260584 -1.15998802823529
0.260637 -1.15998802823529
0.26069 -1.17892920470588
0.260744 -1.19787038117647
0.260797 -1.19787038117647
0.26085 -1.15998802823529
0.260903 -1.17892920470588
0.260957 -1.15998802823529
0.26101 -1.21681155764706
0.261063 -1.14104086588235
0.261117 -1.14104086588235
0.26117 -1.10315851294118
0.261223 -1.08421733647059
0.261277 -1.10315851294118
0.26133 -1.08421733647059
0.261383 -1.08421733647059
0.261436 -1.10315851294118
0.26149 -1.15998204235294
0.261543 -1.17892321882353
0.261596 -1.19786439529412
0.26165 -1.17892321882353
0.261703 -1.15998204235294
0.261756 -1.15998204235294
0.26181 -1.15998204235294
0.261863 -1.14104086588235
0.261916 -1.14104086588235
0.261969 -1.14104086588235
0.262023 -1.14104086588235
0.262076 -1.14104086588235
0.262129 -1.17892920470588
0.262183 -1.21681155764706
0.262236 -1.27363508705882
0.262289 -1.31151744
0.262343 -1.33045861647059
0.262396 -1.36834096941176
0.262449 -1.36834096941176
0.262502 -1.36834096941176
0.262556 -1.34939979294118
0.262609 -1.42517048470588
0.262662 -1.42517048470588
0.262716 -1.44411166117647
0.262769 -1.48199401411765
0.262822 -1.50099401411765
0.262876 -1.51994117647059
0.262929 -1.57676470588235
0.262982 -1.55782352941176
0.263035 -1.53888235294118
0.263089 -1.53888235294118
0.263142 -1.55782352941176
0.263195 -1.55782352941176
0.263249 -1.55782352941176
0.263302 -1.51994117647059
0.263355 -1.53888235294118
0.263409 -1.51994117647059
0.263462 -1.55782352941176
0.263515 -1.55782352941176
0.263568 -1.57676470588235
0.263622 -1.57676470588235
0.263675 -1.59570588235294
0.263728 -1.57676470588235
0.263782 -1.57676470588235
0.263835 -1.61464705882353
0.263888 -1.63358823529412
0.263942 -1.65252941176471
0.263995 -1.63358823529412
0.264048 -1.59570588235294
0.264101 -1.59570588235294
0.264155 -1.59570588235294
0.264208 -1.61464705882353
0.264261 -1.63358823529412
0.264315 -1.61464705882353
0.264368 -1.65252941176471
0.264421 -1.67152941176471
0.264475 -1.69047058823529
0.264528 -1.70941176470588
0.264581 -1.70941176470588
0.264634 -1.67147058823529
0.264688 -1.70935294117647
0.264741 -1.70935294117647
0.264794 -1.76617647058823
0.264848 -1.78511764705882
0.264901 -1.78511764705882
0.264954 -1.823
0.265008 -1.80405882352941
0.265061 -1.80405882352941
0.265114 -1.823
0.265168 -1.823
0.265221 -1.84194117647059
0.265274 -1.823
0.265327 -1.86088235294118
0.265381 -1.84194117647059
0.265434 -1.86088235294118
0.265487 -1.84194117647059
0.265541 -1.84194117647059
0.265594 -1.84194117647059
0.265647 -1.823
0.2657 -1.80405882352941
0.265754 -1.80405882352941
0.265807 -1.823
0.26586 -1.823
0.265914 -1.823
0.265967 -1.80405882352941
0.26602 -1.80405882352941
0.266074 -1.80405882352941
0.266127 -1.86094117647059
0.26618 -1.80411764705882
0.266233 -1.72829411764706
0.266287 -1.72829411764706
0.26634 -1.70935294117647
0.266393 -1.72829411764706
0.266447 -1.72829411764706
0.2665 -1.74723529411765
0.266553 -1.74723529411765
0.266607 -1.74723529411765
0.26666 -1.76617647058824
0.266713 -1.78511764705882
0.266766 -1.78511764705882
0.26682 -1.823
0.266873 -1.84194117647059
0.266926 -1.823
0.26698 -1.86094117647059
0.267033 -1.87988235294118
0.267086 -1.89882352941176
0.26714 -1.89882352941176
0.267193 -1.91776470588235
0.267246 -1.95570588235294
0.267299 -1.99358823529412
0.267353 -2.03147058823529
0.267406 -2.05041176470588
0.267459 -2.06935294117647
0.267513 -2.08829411764706
0.267566 -2.06935294117647
0.267619 -2.08835294117647
0.267673 -2.12623529411765
0.267726 -2.16417647058824
0.267779 -2.14523529411765
0.267832 -2.14523529411765
0.267886 -2.12629411764706
0.267939 -2.10729411764706
0.267992 -2.16411764705882
0.268046 -2.22094117647059
0.268099 -2.22094117647059
0.268152 -2.202
0.268206 -2.16411764705882
0.268259 -2.18305882352941
0.268312 -2.20205882352941
0.268365 -2.18311764705882
0.268419 -2.20211764705882
0.268472 -2.22105882352941
0.268525 -2.20211764705882
0.268579 -2.16423529411765
0.268632 -2.16423529411765
0.268685 -2.18323529411765
0.268739 -2.16429411764706
0.268792 -2.16429411764706
0.268845 -2.16429411764706
0.268898 -2.18329411764706
0.268952 -2.14541176470588
0.269005 -2.12647058823529
0.269058 -2.10747058823529
0.269112 -2.08852941176471
0.269165 -2.06958823529412
0.269218 -2.06958823529412
0.269272 -2.06958823529412
0.269325 -2.06958823529412
0.269378 -2.08852941176471
0.269431 -2.06952941176471
0.269485 -2.06952941176471
0.269538 -2.05052941176471
0.269591 -2.05052941176471
0.269645 -2.05052941176471
0.269698 -2.06947058823529
0.269751 -2.06947058823529
0.269805 -2.05052941176471
0.269858 -2.01264705882353
0.269911 -2.03158823529412
0.269964 -2.08847058823529
0.270018 -2.12635294117647
0.270071 -2.12635294117647
0.270124 -2.08841176470588
0.270178 -2.08841176470588
0.270231 -2.03152941176471
0.270284 -1.99364705882353
0.270338 -1.97470588235294
0.270391 -2.01258823529412
0.270444 -1.99364705882353
0.270497 -1.95570588235294
0.270551 -2.03152941176471
0.270604 -1.99358823529412
0.270657 -1.99358823529412
0.270711 -1.97458823529412
0.270764 -1.97458823529412
0.270817 -1.99352941176471
0.270871 -1.97458823529412
0.270924 -2.01252941176471
0.270977 -2.01252941176471
0.27103 -2.03147058823529
0.271084 -2.03147058823529
0.271137 -2.03147058823529
0.27119 -2.01252941176471
0.271244 -2.01252941176471
0.271297 -2.01252941176471
0.27135 -1.99358823529412
0.271404 -2.03147058823529
0.271457 -2.03147058823529
0.27151 -2.03147058823529
0.271563 -2.03147058823529
0.271617 -2.06941176470588
0.27167 -2.08835294117647
0.271723 -2.06941176470588
0.271777 -2.01252941176471
0.27183 -1.97464705882353
0.271883 -1.95570588235294
0.271937 -1.97464705882353
0.27199 -2.01258823529412
0.272043 -2.03152941176471
0.272096 -2.06941176470588
0.27215 -2.10729411764706
0.272203 -2.08835294117647
0.272256 -2.08835294117647
0.27231 -2.08835294117647
0.272363 -2.06935294117647
0.272416 -2.06935294117647
0.27247 -2.05041176470588
0.272523 -2.06941176470588
0.272576 -2.08835294117647
0.272629 -2.10729411764706
0.272683 -2.12623529411765
0.272736 -2.10723529411765
0.272789 -2.06935294117647
0.272843 -2.08835294117647
0.272896 -2.10729411764706
0.272949 -2.14523529411765
0.273003 -2.16417647058823
0.273056 -2.16417647058823
0.273109 -2.14523529411765
0.273162 -2.16417647058823
0.273216 -2.16417647058823
0.273269 -2.14523529411765
0.273322 -2.16417647058824
0.273376 -2.14523529411765
0.273429 -2.12623529411765
0.273482 -2.12623529411765
0.273536 -2.14517647058824
0.273589 -2.16411764705882
0.273642 -2.202
0.273695 -2.202
0.273749 -2.14517647058824
0.273802 -2.08829411764706
0.273855 -2.06935294117647
0.273909 -2.05041176470588
0.273962 -2.03147058823529
0.274015 -2.01252941176471
0.274069 -2.03147058823529
0.274122 -2.01252941176471
0.274175 -1.97464705882353
0.274228 -1.99358823529412
0.274282 -1.99358823529412
0.274335 -1.95564705882353
0.274388 -1.93670588235294
0.274442 -1.93670588235294
0.274495 -1.91776470588235
0.274548 -1.89882352941176
0.274602 -1.95564705882353
0.274655 -1.91770588235294
0.274708 -1.91770588235294
0.274761 -1.87976470588235
0.274815 -1.87976470588235
0.274868 -1.86082352941176
0.274921 -1.87976470588235
0.274975 -1.86082352941176
0.275028 -1.89876470588235
0.275081 -1.89876470588235
0.275135 -1.89876470588235
0.275188 -1.91770588235294
0.275241 -1.89876470588235
0.275294 -1.91770588235294
0.275348 -1.89876470588235
0.275401 -1.89876470588235
0.275454 -1.89876470588235
0.275508 -1.89876470588235
0.275561 -1.93664705882353
0.275614 -1.97452941176471
0.275668 -2.01241176470588
0.275721 -2.05035294117647
0.275774 -2.06929411764706
0.275827 -2.10717647058823
0.275881 -2.08823529411765
0.275934 -2.12611764705882
0.275987 -2.183
0.276041 -2.14511764705882
0.276094 -2.12617647058824
0.276147 -2.14511764705882
0.276201 -2.16405882352941
0.276254 -2.14511764705882
0.276307 -2.18305882352941
0.27636 -2.18305882352941
0.276414 -2.18305882352941
0.276467 -2.18305882352941
0.27652 -2.18305882352941
0.276574 -2.202
0.276627 -2.202
0.27668 -2.202
0.276734 -2.202
0.276787 -2.202
0.27684 -2.14511764705882
0.276893 -2.16405882352941
0.276947 -2.14511764705882
0.277 -2.14511764705882
0.277053 -2.14511764705882
0.277107 -2.12617647058824
0.27716 -2.12617647058824
0.277213 -2.16411764705882
0.277267 -2.14517647058824
0.27732 -2.18311764705882
0.277373 -2.18311764705882
0.277426 -2.16417647058823
0.27748 -2.14523529411765
0.277533 -2.10729411764706
0.277586 -2.10729411764706
0.27764 -2.06941176470588
0.277693 -2.08835294117647
0.277746 -2.06941176470588
0.2778 -1.99358823529412
0.277853 -2.03147058823529
0.277906 -2.05041176470588
0.277959 -2.06941176470588
0.278013 -2.08835294117647
0.278066 -2.06941176470588
0.278119 -2.03147058823529
0.278173 -2.05041176470588
0.278226 -2.03147058823529
0.278279 -2.05041176470588
0.278333 -2.03147058823529
0.278386 -2.01252941176471
0.278439 -2.03147058823529
0.278492 -2.03147058823529
0.278546 -2.03147058823529
0.278599 -2.05041176470588
0.278652 -2.05041176470588
0.278706 -2.05041176470588
0.278759 -2.05041176470588
0.278812 -2.03147058823529
0.278866 -2.05041176470588
0.278919 -2.03147058823529
0.278972 -2.05041176470588
0.279025 -2.01247058823529
0.279079 -2.03141176470588
0.279132 -1.97452941176471
0.279185 -1.99347058823529
0.279239 -1.99347058823529
0.279292 -2.01241176470588
0.279345 -1.99347058823529
0.279399 -1.99347058823529
0.279452 -2.03135294117647
0.279505 -2.03135294117647
0.279558 -2.03135294117647
0.279612 -2.10717647058824
0.279665 -2.08823529411765
0.279718 -2.10717647058823
0.279772 -2.08817647058823
0.279825 -2.08817647058823
0.279878 -2.12605882352941
0.279932 -2.145
0.279985 -2.145
0.280038 -2.16394117647059
0.280091 -2.145
0.280145 -2.18294117647059
0.280198 -2.18294117647059
0.280251 -2.164
0.280305 -2.18294117647059
0.280358 -2.18294117647059
0.280411 -2.18294117647059
0.280465 -2.20188235294118
0.280518 -2.164
0.280571 -2.164
0.280624 -2.164
0.280678 -2.164
0.280731 -2.20188235294118
0.280784 -2.20188235294118
0.280838 -2.22082352941176
0.280891 -2.22082352941176
0.280944 -2.25870588235294
0.280998 -2.23976470588235
0.281051 -2.23976470588235
0.281104 -2.22082352941176
0.281157 -2.27770588235294
0.281211 -2.29670588235294
0.281264 -2.29670588235294
0.281317 -2.29670588235294
0.281371 -2.29670588235294
0.281424 -2.27770588235294
0.281477 -2.29664705882353
0.281531 -2.29664705882353
0.281584 -2.31564705882353
0.281637 -2.29670588235294
0.28169 -2.27776470588235
0.281744 -2.29676470588235
0.281797 -2.29676470588235
0.28185 -2.29676470588235
0.281904 -2.29676470588235
0.281957 -2.25882352941177
0.28201 -2.25882352941177
0.282064 -2.25882352941177
0.282117 -2.23988235294118
0.28217 -2.23988235294118
0.282223 -2.23988235294118
0.282277 -2.22094117647059
0.28233 -2.23988235294118
0.282383 -2.23988235294118
0.282437 -2.25882352941177
0.28249 -2.23988235294118
0.282543 -2.23988235294118
0.282597 -2.22094117647059
0.28265 -2.202
0.282703 -2.202
0.282756 -2.16411764705882
0.28281 -2.20205882352941
0.282863 -2.221
0.282916 -2.221
0.28297 -2.18305882352941
0.283023 -2.14511764705882
0.283076 -2.14511764705882
0.28313 -2.12617647058824
0.283183 -2.14511764705882
0.283236 -2.12617647058824
0.283289 -2.14517647058824
0.283343 -2.12623529411765
0.283396 -2.08829411764706
0.283449 -2.06935294117647
0.283503 -2.08829411764706
0.283556 -2.06929411764706
0.283609 -2.06929411764706
0.283663 -2.08829411764706
0.283716 -2.10723529411765
0.283769 -2.08829411764706
0.283822 -2.08829411764706
0.283876 -2.10723529411765
0.283929 -2.10723529411765
0.283982 -2.08829411764706
0.284036 -2.10729411764706
0.284089 -2.12623529411765
0.284142 -2.14517647058824
0.284196 -2.16411764705882
0.284249 -2.14517647058824
0.284302 -2.12623529411765
0.284355 -2.12623529411765
0.284409 -2.14517647058824
0.284462 -2.16411764705882
0.284515 -2.14517647058824
0.284569 -2.16411764705882
0.284622 -2.12617647058824
0.284675 -2.10723529411765
0.284729 -2.12617647058824
0.284782 -2.14511764705882
0.284835 -2.16405882352941
0.284888 -2.16405882352941
0.284942 -2.16405882352941
0.284995 -2.14511764705882
0.285048 -2.16405882352941
0.285102 -2.14505882352941
0.285155 -2.12611764705882
0.285208 -2.14505882352941
0.285262 -2.18294117647059
0.285315 -2.20194117647059
0.285368 -2.183
0.285421 -2.183
0.285475 -2.183
0.285528 -2.183
0.285581 -2.22088235294118
0.285635 -2.20194117647059
0.285688 -2.20194117647059
0.285741 -2.20194117647059
0.285795 -2.22088235294118
0.285848 -2.22088235294118
0.285901 -2.183
0.285954 -2.202
0.286008 -2.221
0.286061 -2.221
0.286114 -2.27788235294118
0.286168 -2.24
0.286221 -2.24
0.286274 -2.22105882352941
0.286328 -2.22105882352941
0.286381 -2.22105882352941
0.286434 -2.22105882352941
0.286487 -2.20211764705882
0.286541 -2.22111764705882
0.286594 -2.22111764705882
0.286647 -2.22111764705882
0.286701 -2.20217647058824
0.286754 -2.24011764705882
0.286807 -2.24011764705882
0.286861 -2.24011764705882
0.286914 -2.20223529411765
0.286967 -2.24011764705882
0.28702 -2.25911764705882
0.287074 -2.24017647058823
0.287127 -2.18329411764706
0.28718 -2.18329411764706
0.287234 -2.14541176470588
0.287287 -2.10747058823529
0.28734 -2.10747058823529
0.287394 -2.08852941176471
0.287447 -2.10747058823529
0.2875 -2.08852941176471
0.287553 -2.08852941176471
0.287607 -2.06958823529412
0.28766 -2.06958823529412
0.287713 -2.10747058823529
0.287767 -2.06952941176471
0.28782 -2.03158823529412
0.287873 -2.05052941176471
0.287927 -2.03152941176471
0.28798 -2.06941176470588
0.288033 -2.06941176470588
0.288086 -2.05047058823529
0.28814 -2.01258823529412
0.288193 -2.03152941176471
0.288246 -2.05047058823529
0.2883 -2.10735294117647
0.288353 -2.03152941176471
0.288406 -2.05052941176471
0.28846 -2.05052941176471
0.288513 -2.05052941176471
0.288566 -2.01258823529412
0.288619 -2.03152941176471
0.288673 -2.03152941176471
0.288726 -2.06941176470588
0.288779 -2.08841176470588
0.288833 -2.05047058823529
0.288886 -2.05047058823529
0.288939 -2.06941176470588
0.288993 -2.06941176470588
0.289046 -2.12629411764706
0.289099 -2.12629411764706
0.289152 -2.10735294117647
0.289206 -2.08841176470588
0.289259 -2.08841176470588
0.289312 -2.06947058823529
0.289366 -2.08841176470588
0.289419 -2.10735294117647
0.289472 -2.06941176470588
0.289526 -2.06941176470588
0.289579 -2.06941176470588
0.289632 -2.05047058823529
0.289685 -2.05047058823529
0.289739 -2.03152941176471
0.289792 -2.03152941176471
0.289845 -2.01258823529412
0.289899 -2.03152941176471
0.289952 -2.06941176470588
0.290005 -2.06941176470588
0.290059 -2.05047058823529
0.290112 -2.05047058823529
0.290165 -2.10729411764706
0.290218 -2.08829411764706
0.290272 -2.10729411764706
0.290325 -2.14523529411765
0.290378 -2.18317647058824
0.290432 -2.16423529411765
0.290485 -2.18323529411765
0.290538 -2.20223529411765
0.290592 -2.14535294117647
0.290645 -2.14535294117647
0.290698 -2.12641176470588
0.290751 -2.14535294117647
0.290805 -2.16429411764706
0.290858 -2.10741176470588
0.290911 -2.14535294117647
0.290965 -2.16429411764706
0.291018 -2.20217647058824
0.291071 -2.22111764705882
0.291125 -2.259
0.291178 -2.278
0.291231 -2.25905882352941
0.291284 -2.25905882352941
0.291338 -2.24011764705882
0.291391 -2.27805882352941
0.291444 -2.31594117647059
0.291498 -2.27805882352941
0.291551 -2.27805882352941
0.291604 -2.27805882352941
0.291658 -2.25911764705882
0.291711 -2.24017647058823
0.291764 -2.24017647058823
0.291817 -2.20229411764706
0.291871 -2.18335294117647
0.291924 -2.16435294117647
0.291977 -2.16435294117647
0.292031 -2.14541176470588
0.292084 -2.14541176470588
0.292137 -2.12641176470588
0.292191 -2.08847058823529
0.292244 -2.06952941176471
0.292297 -2.06952941176471
0.29235 -2.05052941176471
0.292404 -2.08841176470588
0.292457 -2.08841176470588
0.29251 -2.08841176470588
0.292564 -2.06947058823529
0.292617 -2.05052941176471
0.29267 -2.10741176470588
0.292724 -2.08841176470588
0.292777 -2.06947058823529
0.29283 -2.06947058823529
0.292883 -2.08847058823529
0.292937 -2.06952941176471
0.29299 -2.05052941176471
0.293043 -2.05052941176471
0.293097 -2.05052941176471
0.29315 -2.06947058823529
0.293203 -2.03152941176471
0.293257 -2.05052941176471
0.29331 -2.08841176470588
0.293363 -2.10735294117647
0.293416 -2.12635294117647
0.29347 -2.14529411764706
0.293523 -2.20217647058824
0.293576 -2.22111764705882
0.29363 -2.24005882352941
0.293683 -2.24005882352941
0.293736 -2.24005882352941
0.29379 -2.22111764705882
0.293843 -2.22111764705882
0.293896 -2.18317647058824
0.293949 -2.16423529411765
0.294003 -2.18317647058824
0.294056 -2.22105882352941
0.294109 -2.20205882352941
0.294163 -2.16417647058824
0.294216 -2.14523529411765
0.294269 -2.16417647058823
0.294323 -2.20205882352941
0.294376 -2.221
0.294429 -2.23994117647059
0.294482 -2.18305882352941
0.294536 -2.16411764705882
0.294589 -2.18305882352941
0.294642 -2.20205882352941
0.294696 -2.18305882352941
0.294749 -2.18305882352941
0.294802 -2.20205882352941
0.294856 -2.18311764705882
0.294909 -2.20205882352941
0.294962 -2.18311764705882
0.295015 -2.20205882352941
0.295069 -2.14517647058824
0.295122 -2.14517647058824
0.295175 -2.12623529411765
0.295229 -2.12623529411765
0.295282 -2.12623529411765
0.295335 -2.10723529411765
0.295389 -2.08829411764706
0.295442 -2.10723529411765
0.295495 -2.14511764705882
0.295548 -2.12617647058824
0.295602 -2.12617647058824
0.295655 -2.12617647058824
0.295708 -2.12617647058824
0.295762 -2.10723529411765
0.295815 -2.10723529411765
0.295868 -2.06935294117647
0.295922 -2.06935294117647
0.295975 -2.08829411764706
0.296028 -2.08829411764706
0.296081 -2.06935294117647
0.296135 -2.06935294117647
0.296188 -2.06935294117647
0.296241 -2.06935294117647
0.296295 -2.06935294117647
0.296348 -2.06935294117647
0.296401 -2.06935294117647
0.296455 -2.05035294117647
0.296508 -2.01247058823529
0.296561 -2.03141176470588
0.296614 -2.01241176470588
0.296668 -2.06929411764706
0.296721 -2.06929411764706
0.296774 -2.05035294117647
0.296828 -2.06935294117647
0.296881 -2.12623529411765
0.296934 -2.12623529411765
0.296988 -2.12623529411765
0.297041 -2.10723529411765
0.297094 -2.12617647058823
0.297147 -2.14517647058823
0.297201 -2.16411764705882
0.297254 -2.14517647058824
0.297307 -2.16417647058824
0.297361 -2.18311764705882
0.297414 -2.18311764705882
0.297467 -2.14523529411765
0.297521 -2.16417647058824
0.297574 -2.20205882352941
0.297627 -2.20205882352941
0.29768 -2.25894117647059
0.297734 -2.25894117647059
0.297787 -2.25894117647059
0.29784 -2.27788235294118
0.297894 -2.27788235294118
0.297947 -2.27788235294118
0.298 -2.27788235294118
0.298054 -2.25894117647059
0.298107 -2.27788235294118
0.29816 -2.27788235294118
0.298213 -2.25894117647059
0.298267 -2.25894117647059
0.29832 -2.29682352941176
0.298373 -2.27788235294118
0.298427 -2.25894117647059
0.29848 -2.221
0.298533 -2.221
0.298587 -2.23994117647059
0.29864 -2.202
0.298693 -2.16405882352941
0.298746 -2.14511764705882
0.2988 -2.14511764705882
0.298853 -2.14511764705882
0.298906 -2.14511764705882
0.29896 -2.12611764705882
0.299013 -2.14511764705882
0.299066 -2.16405882352941
0.29912 -2.10717647058824
0.299173 -2.10717647058824
0.299226 -2.10717647058824
0.299279 -2.14505882352941
0.299333 -2.10717647058824
0.299386 -2.10717647058824
0.299439 -2.10717647058824
0.299493 -2.08817647058824
0.299546 -2.08817647058824
0.299599 -2.10711764705882
0.299653 -2.10711764705882
0.299706 -2.10711764705882
0.299759 -2.08817647058823
0.299812 -2.06923529411765
0.299866 -2.06923529411765
0.299919 -2.10717647058823
0.299972 -2.10717647058823
0.300026 -2.12611764705882
0.300079 -2.12611764705882
0.300132 -2.12611764705882
0.300186 -2.12611764705882
0.300239 -2.12611764705882
0.300292 -2.12611764705882
0.300345 -2.10717647058824
0.300399 -2.10717647058824
0.300452 -2.10717647058824
0.300505 -2.10717647058824
0.300559 -2.08823529411765
0.300612 -2.06929411764706
0.300665 -2.05035294117647
0.300719 -2.05035294117647
0.300772 -2.03141176470588
0.300825 -2.03141176470588
0.300878 -2.03141176470588
0.300932 -2.06929411764706
0.300985 -2.05035294117647
0.301038 -2.06929411764706
0.301092 -2.06929411764706
0.301145 -2.08823529411765
0.301198 -2.10723529411765
0.301252 -2.12623529411765
0.301305 -2.08835294117647
0.301358 -2.08835294117647
0.301411 -2.08835294117647
0.301465 -2.08835294117647
0.301518 -2.08835294117647
0.301571 -2.10729411764706
0.301625 -2.12623529411765
0.301678 -2.14517647058824
0.301731 -2.12617647058824
0.301785 -2.14511764705882
0.301838 -2.12617647058824
0.301891 -2.10723529411765
0.301944 -2.10723529411765
0.301998 -2.10723529411765
0.302051 -2.12617647058824
0.302104 -2.12617647058824
0.302158 -2.14511764705882
0.302211 -2.16405882352941
0.302264 -2.16405882352941
0.302318 -2.202
0.302371 -2.25888235294118
0.302424 -2.25888235294118
0.302477 -2.27782352941176
0.302531 -2.27782352941176
0.302584 -2.29676470588235
0.302637 -2.25882352941176
0.302691 -2.25882352941176
0.302744 -2.25882352941176
0.302797 -2.27776470588235
0.302851 -2.27776470588235
0.302904 -2.27776470588235
0.302957 -2.27776470588235
0.30301 -2.23982352941176
0.303064 -2.20188235294118
0.303117 -2.22082352941176
0.30317 -2.22082352941176
0.303224 -2.23982352941176
0.303277 -2.23982352941176
0.30333 -2.25876470588235
0.303384 -2.25876470588235
0.303437 -2.25876470588235
0.30349 -2.25876470588235
0.303543 -2.22088235294118
0.303597 -2.22088235294118
0.30365 -2.22088235294118
0.303703 -2.22088235294118
0.303757 -2.22088235294118
0.30381 -2.25882352941176
0.303863 -2.25882352941176
0.303917 -2.27776470588235
0.30397 -2.27776470588235
0.304023 -2.29676470588235
0.304076 -2.31570588235294
0.30413 -2.31570588235294
0.304183 -2.29670588235294
0.304236 -2.33458823529412
0.30429 -2.33458823529412
0.304343 -2.31564705882353
0.304396 -2.27776470588235
0.30445 -2.29670588235294
0.304503 -2.25882352941176
0.304556 -2.25882352941176
0.304609 -2.23988235294118
0.304663 -2.23988235294118
0.304716 -2.25882352941177
0.304769 -2.25882352941176
0.304823 -2.29676470588235
0.304876 -2.31570588235294
0.304929 -2.35364705882353
0.304983 -2.35364705882353
0.305036 -2.35364705882353
0.305089 -2.35364705882353
0.305142 -2.33470588235294
0.305196 -2.33470588235294
0.305249 -2.33470588235294
0.305302 -2.31576470588235
0.305356 -2.37264705882353
0.305409 -2.35370588235294
0.305462 -2.35370588235294
0.305516 -2.35370588235294
0.305569 -2.33476470588235
0.305622 -2.31576470588235
0.305675 -2.33476470588235
0.305729 -2.35376470588235
0.305782 -2.35376470588235
0.305835 -2.31582352941177
0.305889 -2.33482352941177
0.305942 -2.31582352941177
0.305995 -2.29688235294118
0.306049 -2.27794117647059
0.306102 -2.259
0.306155 -2.24005882352941
0.306208 -2.27794117647059
0.306262 -2.27794117647059
0.306315 -2.31582352941176
0.306368 -2.31582352941176
0.306422 -2.33476470588235
0.306475 -2.33476470588235
0.306528 -2.29688235294118
0.306582 -2.31582352941177
0.306635 -2.31582352941177
0.306688 -2.259
0.306741 -2.259
0.306795 -2.259
0.306848 -2.259
0.306901 -2.24005882352941
0.306955 -2.24005882352941
0.307008 -2.25905882352941
0.307061 -2.25905882352941
0.307115 -2.25905882352941
0.307168 -2.22111764705882
0.307221 -2.22111764705882
0.307274 -2.22111764705882
0.307328 -2.18323529411765
0.307381 -2.22117647058824
0.307434 -2.24017647058824
0.307488 -2.18329411764706
0.307541 -2.16429411764706
0.307594 -2.16429411764706
0.307648 -2.16429411764706
0.307701 -2.14529411764706
0.307754 -2.12635294117647
0.307807 -2.12635294117647
0.307861 -2.14529411764706
0.307914 -2.14529411764706
0.307967 -2.18317647058824
0.308021 -2.16423529411765
0.308074 -2.14529411764706
0.308127 -2.14529411764706
0.308181 -2.14529411764706
0.308234 -2.08847058823529
0.308287 -2.05058823529412
0.30834 -2.08847058823529
0.308394 -2.08847058823529
0.308447 -2.08847058823529
0.3085 -2.18323529411765
0.308554 -2.14529411764706
0.308607 -2.12635294117647
0.30866 -2.10735294117647
0.308714 -2.12629411764706
0.308767 -2.12629411764706
0.30882 -2.12629411764706
0.308873 -2.12629411764706
0.308927 -2.12629411764706
0.30898 -2.12629411764706
0.309033 -2.14523529411765
0.309087 -2.16417647058824
0.30914 -2.24
0.309193 -2.18311764705882
0.309247 -2.16411764705882
0.3093 -2.18305882352941
0.309353 -2.18305882352941
0.309406 -2.20205882352941
0.30946 -2.221
0.309513 -2.24
0.309566 -2.24
0.30962 -2.25894117647059
0.309673 -2.27794117647059
0.309726 -2.33482352941176
0.30978 -2.33482352941176
0.309833 -2.35376470588235
0.309886 -2.37270588235294
0.309939 -2.35376470588235
0.309993 -2.33482352941176
0.310046 -2.37270588235294
0.310099 -2.41058823529412
0.310153 -2.41058823529412
0.310206 -2.41058823529412
0.310259 -2.39158823529412
0.310313 -2.35364705882353
0.310366 -2.37258823529412
0.310419 -2.41052941176471
0.310472 -2.39158823529412
0.310526 -2.39158823529412
0.310579 -2.41052941176471
0.310632 -2.41052941176471
0.310686 -2.42952941176471
0.310739 -2.44847058823529
0.310792 -2.46741176470588
0.310846 -2.46741176470588
0.310899 -2.46741176470588
0.310952 -2.39158823529412
0.311005 -2.44847058823529
0.311059 -2.42952941176471
0.311112 -2.42952941176471
0.311165 -2.39164705882353
0.311219 -2.37264705882353
0.311272 -2.39164705882353
0.311325 -2.35370588235294
0.311379 -2.37264705882353
0.311432 -2.35370588235294
0.311485 -2.33470588235294
0.311538 -2.31576470588235
0.311592 -2.25894117647059
0.311645 -2.22105882352941
0.311698 -2.20211764705882
0.311752 -2.20211764705882
0.311805 -2.18317647058824
0.311858 -2.20211764705882
0.311912 -2.16423529411765
0.311965 -2.16423529411765
0.312018 -2.16423529411765
0.312071 -2.12635294117647
0.312125 -2.08847058823529
0.312178 -2.06952941176471
0.312231 -2.03158823529412
0.312285 -2.06952941176471
0.312338 -2.06952941176471
0.312391 -2.10747058823529
0.312445 -2.08847058823529
0.312498 -2.06947058823529
0.312551 -2.08847058823529
0.312604 -2.10747058823529
0.312658 -2.10747058823529
0.312711 -2.08852941176471
0.312764 -2.12641176470588
0.312818 -2.08847058823529
0.312871 -2.08847058823529
0.312924 -2.10741176470588
0.312978 -2.12635294117647
0.313031 -2.12635294117647
0.313084 -2.12635294117647
0.313137 -2.12635294117647
0.313191 -2.10741176470588
0.313244 -2.12635294117647
0.313297 -2.10741176470588
0.313351 -2.06947058823529
0.313404 -2.12629411764706
0.313457 -2.10735294117647
0.313511 -2.10735294117647
0.313564 -2.12629411764706
0.313617 -2.14523529411765
0.31367 -2.12629411764706
0.313724 -2.16417647058823
0.313777 -2.16417647058823
0.31383 -2.16417647058823
0.313884 -2.18311764705882
0.313937 -2.221
0.31399 -2.23994117647059
0.314044 -2.27788235294118
0.314097 -2.25888235294118
0.31415 -2.23994117647059
0.314203 -2.202
0.314257 -2.18305882352941
0.31431 -2.16411764705882
0.314363 -2.16411764705882
0.314417 -2.14511764705882
0.31447 -2.14511764705882
0.314523 -2.16405882352941
0.314577 -2.16405882352941
0.31463 -2.202
0.314683 -2.202
0.314736 -2.202
0.31479 -2.202
0.314843 -2.18305882352941
0.314896 -2.12617647058824
0.31495 -2.10723529411765
0.315003 -2.10723529411765
0.315056 -2.10723529411765
0.31511 -2.08829411764706
0.315163 -2.06935294117647
0.315216 -2.05041176470588
0.315269 -2.10723529411765
0.315323 -2.08829411764706
0.315376 -2.08829411764706
0.315429 -2.10723529411765
0.315483 -2.12617647058824
0.315536 -2.10723529411765
0.315589 -2.08829411764706
0.315643 -2.08829411764706
0.315696 -2.10723529411765
0.315749 -2.12623529411765
0.315802 -2.12623529411765
0.315856 -2.10723529411765
0.315909 -2.10723529411765
0.315962 -2.10723529411765
0.316016 -2.10723529411765
0.316069 -2.08829411764706
0.316122 -2.08829411764706
0.316176 -2.05035294117647
0.316229 -2.03141176470588
0.316282 -1.99352941176471
0.316335 -1.97458823529412
0.316389 -1.97458823529412
0.316442 -1.95558823529412
0.316495 -1.97452941176471
0.316549 -1.95558823529412
0.316602 -1.99352941176471
0.316655 -2.01247058823529
0.316709 -2.03141176470588
0.316762 -2.05035294117647
0.316815 -2.06929411764706
0.316868 -2.06929411764706
0.316922 -2.10717647058824
0.316975 -2.14505882352941
0.317028 -2.14505882352941
0.317082 -2.16405882352941
0.317135 -2.16405882352941
0.317188 -2.18305882352941
0.317242 -2.16411764705882
0.317295 -2.14517647058824
0.317348 -2.12623529411765
0.317401 -2.14517647058824
0.317455 -2.12623529411765
0.317508 -2.10729411764706
0.317561 -2.08829411764706
0.317615 -2.06935294117647
0.317668 -2.03147058823529
0.317721 -2.03147058823529
0.317775 -2.05041176470588
0.317828 -2.05041176470588
0.317881 -2.06935294117647
0.317934 -2.08829411764706
0.317988 -2.10723529411765
0.318041 -2.08829411764706
0.318094 -2.12617647058824
0.318148 -2.12617647058824
0.318201 -2.14511764705882
0.318254 -2.10723529411765
0.318308 -2.08829411764706
0.318361 -2.10723529411765
0.318414 -2.10723529411765
0.318467 -2.08829411764706
0.318521 -2.08829411764706
0.318574 -2.10723529411765
0.318627 -2.08829411764706
0.318681 -2.06935294117647
0.318734 -2.01252941176471
0.318787 -2.01252941176471
0.318841 -2.03147058823529
0.318894 -1.99352941176471
0.318947 -2.06935294117647
0.319 -2.05035294117647
0.319054 -2.01247058823529
0.319107 -2.01247058823529
0.31916 -2.03141176470588
0.319214 -2.03141176470588
0.319267 -2.05035294117647
0.31932 -2.05035294117647
0.319374 -2.05035294117647
0.319427 -2.05035294117647
0.31948 -2.08823529411765
0.319533 -2.08823529411765
0.319587 -2.08823529411765
0.31964 -2.08823529411765
0.319693 -2.10717647058824
0.319747 -2.08823529411765
0.3198 -2.08823529411765
0.319853 -2.14511764705882
0.319907 -2.14511764705882
0.31996 -2.18305882352941
0.320013 -2.16411764705882
0.320066 -2.18305882352941
0.32012 -2.16411764705882
0.320173 -2.18311764705882
0.320226 -2.14517647058824
0.32028 -2.16411764705882
0.320333 -2.18305882352941
0.320386 -2.16411764705882
0.32044 -2.18305882352941
0.320493 -2.18305882352941
0.320546 -2.22094117647059
0.320599 -2.18305882352941
0.320653 -2.14517647058824
0.320706 -2.10729411764706
0.320759 -2.06935294117647
0.320813 -2.05041176470588
0.320866 -2.08829411764706
0.320919 -2.10723529411765
0.320973 -2.10723529411765
0.321026 -2.06935294117647
0.321079 -2.05041176470588
0.321132 -2.03147058823529
0.321186 -1.99358823529412
0.321239 -2.03152941176471
0.321292 -2.03152941176471
0.321346 -2.05052941176471
0.321399 -2.05052941176471
0.321452 -2.03158823529412
0.321506 -2.01264705882353
0.321559 -2.01264705882353
0.321612 -2.01264705882353
0.321665 -1.97470588235294
0.321719 -1.95576470588235
0.321772 -1.93676470588235
0.321825 -1.93676470588235
0.321879 -1.97470588235294
0.321932 -2.01258823529412
0.321985 -1.97464705882353
0.322039 -2.01258823529412
0.322092 -1.99364705882353
0.322145 -1.97470588235294
0.322198 -1.97470588235294
0.322252 -1.95576470588235
0.322305 -1.93682352941176
0.322358 -1.93682352941177
0.322412 -1.97470588235294
0.322465 -1.97470588235294
0.322518 -2.01258823529412
0.322572 -2.01258823529412
0.322625 -2.03152941176471
0.322678 -2.01258823529412
0.322731 -1.99364705882353
0.322785 -2.03158823529412
0.322838 -2.05052941176471
0.322891 -2.03158823529412
0.322945 -2.05052941176471
0.322998 -2.08841176470588
0.323051 -2.03152941176471
0.323105 -2.03152941176471
0.323158 -1.99358823529412
0.323211 -1.97464705882353
0.323264 -1.99358823529412
0.323318 -1.99358823529412
0.323371 -2.01252941176471
0.323424 -2.01252941176471
0.323478 -2.01252941176471
0.323531 -1.99358823529412
0.323584 -1.99358823529412
0.323638 -2.01252941176471
0.323691 -2.01252941176471
0.323744 -1.99358823529412
0.323797 -1.99358823529412
0.323851 -1.95564705882353
0.323904 -1.95564705882353
0.323957 -1.95564705882353
0.324011 -1.95564705882353
0.324064 -1.95564705882353
0.324117 -2.01252941176471
0.324171 -2.05047058823529
0.324224 -2.05047058823529
0.324277 -2.08835294117647
0.32433 -2.10729411764706
0.324384 -2.12629411764706
0.324437 -2.14529411764706
0.32449 -2.18317647058824
0.324544 -2.18317647058824
0.324597 -2.14523529411765
0.32465 -2.18317647058824
0.324704 -2.18317647058824
0.324757 -2.22111764705882
0.32481 -2.18323529411765
0.324863 -2.22111764705882
0.324917 -2.22111764705882
0.32497 -2.24005882352941
0.325023 -2.259
0.325077 -2.24005882352941
0.32513 -2.24005882352941
0.325183 -2.22111764705882
0.325237 -2.24011764705882
0.32529 -2.22117647058823
0.325343 -2.25905882352941
0.325396 -2.24011764705882
0.32545 -2.24011764705882
0.325503 -2.20217647058824
0.325556 -2.20217647058824
0.32561 -2.20217647058824
0.325663 -2.20217647058824
0.325716 -2.24011764705882
0.32577 -2.25905882352941
0.325823 -2.278
0.325876 -2.278
0.325929 -2.259
0.325983 -2.24
0.326036 -2.24
0.326089 -2.259
0.326143 -2.22111764705882
0.326196 -2.20211764705882
0.326249 -2.18311764705882
0.326303 -2.16417647058823
0.326356 -2.18311764705882
0.326409 -2.20205882352941
0.326462 -2.18305882352941
0.326516 -2.22094117647059
0.326569 -2.20194117647059
0.326622 -2.22088235294118
0.326676 -2.23988235294118
0.326729 -2.23988235294118
0.326782 -2.22094117647059
0.326836 -2.202
0.326889 -2.202
0.326942 -2.22094117647059
0.326995 -2.22094117647059
0.327049 -2.183
0.327102 -2.22088235294118
0.327155 -2.20194117647059
0.327209 -2.22088235294118
0.327262 -2.22088235294118
0.327315 -2.23982352941176
0.327369 -2.22088235294118
0.327422 -2.22088235294118
0.327475 -2.22088235294118
0.327528 -2.20188235294118
0.327582 -2.20188235294118
0.327635 -2.20188235294118
0.327688 -2.20188235294118
0.327742 -2.18294117647059
0.327795 -2.18294117647059
0.327848 -2.164
0.327902 -2.12605882352941
0.327955 -2.145
0.328008 -2.10711764705882
0.328061 -2.10711764705882
0.328115 -2.10711764705882
0.328168 -2.10711764705882
0.328221 -2.08817647058824
0.328275 -2.08817647058824
0.328328 -2.06923529411765
0.328381 -2.06923529411765
0.328435 -2.05029411764706
0.328488 -2.01235294117647
0.328541 -2.03135294117647
0.328594 -2.01241176470588
0.328648 -1.99347058823529
0.328701 -1.99347058823529
0.328754 -1.97452941176471
0.328808 -1.99347058823529
0.328861 -2.01241176470588
0.328914 -1.99347058823529
0.328968 -1.99347058823529
0.329021 -1.97452941176471
0.329074 -1.99352941176471
0.329127 -1.99352941176471
0.329181 -2.01247058823529
0.329234 -2.01247058823529
0.329287 -2.03141176470588
0.329341 -2.03141176470588
0.329394 -1.99352941176471
0.329447 -1.97458823529412
0.329501 -1.97458823529412
0.329554 -1.99352941176471
0.329607 -1.99352941176471
0.32966 -1.99352941176471
0.329714 -1.99352941176471
0.329767 -2.01247058823529
0.32982 -2.01247058823529
0.329874 -2.01247058823529
0.329927 -2.03141176470588
0.32998 -2.01247058823529
0.330034 -2.05041176470588
0.330087 -2.03147058823529
0.33014 -2.06941176470588
0.330193 -2.03152941176471
0.330247 -2.06941176470588
0.3303 -2.08835294117647
0.330353 -2.06935294117647
0.330407 -2.08829411764706
0.33046 -2.10723529411765
0.330513 -2.12617647058824
0.330567 -2.14511764705882
0.33062 -2.10723529411765
0.330673 -2.12623529411765
0.330726 -2.12623529411765
0.33078 -2.12623529411765
0.330833 -2.10729411764706
0.330886 -2.08829411764706
0.33094 -2.08829411764706
0.330993 -2.10723529411765
0.331046 -2.10723529411765
0.3311 -2.10723529411765
0.331153 -2.12623529411765
0.331206 -2.16411764705882
0.331259 -2.20205882352941
0.331313 -2.20205882352941
0.331366 -2.18311764705882
0.331419 -2.18311764705882
0.331473 -2.18311764705882
0.331526 -2.20205882352941
0.331579 -2.20205882352941
0.331633 -2.221
0.331686 -2.221
0.331739 -2.221
0.331792 -2.23994117647059
0.331846 -2.202
0.331899 -2.202
0.331952 -2.12617647058824
0.332006 -2.16405882352941
0.332059 -2.18305882352941
0.332112 -2.14517647058824
0.332166 -2.12623529411765
0.332219 -2.12623529411765
0.332272 -2.16417647058823
0.332325 -2.14523529411765
0.332379 -2.12629411764706
0.332432 -2.12629411764706
0.332485 -2.10729411764706
0.332539 -2.12623529411765
0.332592 -2.14517647058824
0.332645 -2.18305882352941
0.332699 -2.18305882352941
0.332752 -2.18305882352941
0.332805 -2.18305882352941
0.332858 -2.221
0.332912 -2.221
0.332965 -2.16411764705882
0.333018 -2.16411764705882
0.333072 -2.12617647058824
0.333125 -2.12617647058824
0.333178 -2.10723529411765
0.333232 -2.08829411764706
0.333285 -2.10723529411765
0.333338 -2.10723529411765
0.333391 -2.10723529411765
0.333445 -2.12617647058823
0.333498 -2.12617647058824
0.333551 -2.12617647058824
0.333605 -2.08829411764706
0.333658 -2.12623529411765
0.333711 -2.10729411764706
0.333765 -2.14517647058824
0.333818 -2.12623529411765
0.333871 -2.10723529411765
0.333924 -2.16411764705882
0.333978 -2.18305882352941
0.334031 -2.221
0.334084 -2.18305882352941
0.334138 -2.18305882352941
0.334191 -2.202
0.334244 -2.22094117647059
0.334298 -2.202
0.334351 -2.202
0.334404 -2.14517647058824
0.334457 -2.14517647058824
0.334511 -2.12623529411765
0.334564 -2.14523529411765
0.334617 -2.14523529411765
0.334671 -2.10729411764706
0.334724 -2.08835294117647
0.334777 -2.10729411764706
0.334831 -2.10729411764706
0.334884 -2.12623529411765
0.334937 -2.12623529411765
0.33499 -2.14517647058824
0.335044 -2.16411764705882
0.335097 -2.16411764705882
0.33515 -2.18311764705882
0.335204 -2.18311764705882
0.335257 -2.14523529411765
0.33531 -2.12629411764706
0.335364 -2.12629411764706
0.335417 -2.14523529411765
0.33547 -2.12623529411765
0.335523 -2.16411764705882
0.335577 -2.18305882352941
0.33563 -2.16411764705882
0.335683 -2.16411764705882
0.335737 -2.16411764705882
0.33579 -2.14517647058824
0.335843 -2.12617647058824
0.335897 -2.14511764705882
0.33595 -2.18305882352941
0.336003 -2.16411764705882
0.336056 -2.18305882352941
0.33611 -2.202
0.336163 -2.23994117647059
0.336216 -2.27782352941176
0.33627 -2.25888235294118
0.336323 -2.27782352941176
0.336376 -2.22094117647059
0.33643 -2.23994117647059
0.336483 -2.23994117647059
0.336536 -2.27788235294118
0.336589 -2.27788235294118
0.336643 -2.27788235294118
0.336696 -2.25894117647059
0.336749 -2.25894117647059
0.336803 -2.27788235294118
0.336856 -2.31582352941177
0.336909 -2.29688235294118
0.336963 -2.24
0.337016 -2.259
0.337069 -2.27794117647059
0.337122 -2.29688235294118
0.337176 -2.27794117647059
0.337229 -2.27794117647059
0.337282 -2.27794117647059
0.337336 -2.24005882352941
0.337389 -2.25905882352941
0.337442 -2.25905882352941
0.337496 -2.25905882352941
0.337549 -2.24005882352941
0.337602 -2.259
0.337655 -2.259
0.337709 -2.24005882352941
0.337762 -2.22105882352941
0.337815 -2.259
0.337869 -2.259
0.337922 -2.24005882352941
0.337975 -2.16423529411765
0.338029 -2.18317647058824
0.338082 -2.20211764705882
0.338135 -2.20211764705882
0.338188 -2.24
0.338242 -2.221
0.338295 -2.23994117647059
0.338348 -2.202
0.338402 -2.202
0.338455 -2.202
0.338508 -2.22094117647059
0.338562 -2.202
0.338615 -2.16411764705882
0.338668 -2.14517647058824
0.338721 -2.16411764705882
0.338775 -2.18305882352941
0.338828 -2.16405882352941
0.338881 -2.16405882352941
0.338935 -2.14511764705882
0.338988 -2.18305882352941
0.339041 -2.202
0.339095 -2.14517647058824
0.339148 -2.18305882352941
0.339201 -2.14511764705882
0.339254 -2.183
0.339308 -2.16405882352941
0.339361 -2.12617647058824
0.339414 -2.10723529411765
0.339468 -2.08829411764706
0.339521 -2.12623529411765
0.339574 -2.14523529411765
0.339628 -2.12623529411765
0.339681 -2.08835294117647
0.339734 -2.06941176470588
0.339787 -2.08835294117647
0.339841 -2.10735294117647
0.339894 -2.08841176470588
0.339947 -2.06947058823529
0.340001 -2.06947058823529
0.340054 -2.05052941176471
0.340107 -2.01264705882353
0.340161 -2.03158823529412
0.340214 -2.08847058823529
0.340267 -2.08847058823529
0.34032 -2.10747058823529
0.340374 -2.14535294117647
0.340427 -2.14535294117647
0.34048 -2.12635294117647
0.340534 -2.10741176470588
0.340587 -2.12635294117647
0.34064 -2.10741176470588
0.340694 -2.14535294117647
0.340747 -2.18329411764706
0.3408 -2.12641176470588
0.340853 -2.12641176470588
0.340907 -2.18323529411765
0.34096 -2.18323529411765
0.341013 -2.20217647058824
0.341067 -2.18323529411765
0.34112 -2.22117647058824
0.341173 -2.25905882352941
0.341227 -2.278
0.34128 -2.29694117647059
0.341333 -2.29694117647059
0.341386 -2.27794117647059
0.34144 -2.259
0.341493 -2.31588235294118
0.341546 -2.35376470588235
0.3416 -2.37270588235294
0.341653 -2.31582352941176
0.341706 -2.31582352941176
0.34176 -2.35376470588235
0.341813 -2.33482352941177
0.341866 -2.35376470588235
0.341919 -2.35376470588235
0.341973 -2.31588235294118
0.342026 -2.27794117647059
0.342079 -2.259
0.342133 -2.22105882352941
0.342186 -2.22105882352941
0.342239 -2.25894117647059
0.342293 -2.25894117647059
0.342346 -2.27788235294118
0.342399 -2.25894117647059
0.342452 -2.25894117647059
0.342506 -2.221
0.342559 -2.221
0.342612 -2.23994117647059
0.342666 -2.221
0.342719 -2.221
0.342772 -2.221
0.342826 -2.221
0.342879 -2.221
0.342932 -2.202
0.342985 -2.18305882352941
0.343039 -2.14517647058824
0.343092 -2.16417647058823
0.343145 -2.12623529411765
0.343199 -2.10729411764706
0.343252 -2.10729411764706
0.343305 -2.06935294117647
0.343359 -2.08835294117647
0.343412 -2.06941176470588
0.343465 -2.10729411764706
0.343518 -2.08835294117647
0.343572 -2.05041176470588
0.343625 -2.06935294117647
0.343678 -2.05041176470588
0.343732 -2.05041176470588
0.343785 -2.05041176470588
0.343838 -2.05041176470588
0.343892 -2.05041176470588
0.343945 -2.06935294117647
0.343998 -2.08835294117647
0.344051 -2.08835294117647
0.344105 -2.06941176470588
0.344158 -2.05047058823529
0.344211 -2.06941176470588
0.344265 -2.06941176470588
0.344318 -2.08835294117647
0.344371 -2.05041176470588
0.344425 -2.03147058823529
0.344478 -2.01252941176471
0.344531 -2.01252941176471
0.344584 -2.01252941176471
0.344638 -2.01252941176471
0.344691 -2.01252941176471
0.344744 -1.99358823529412
0.344798 -2.01252941176471
0.344851 -2.03147058823529
0.344904 -1.99352941176471
0.344958 -2.03147058823529
0.345011 -2.06941176470588
0.345064 -2.08835294117647
0.345117 -2.08835294117647
0.345171 -2.03147058823529
0.345224 -1.99358823529412
0.345277 -2.01258823529412
0.345331 -2.03152941176471
0.345384 -2.03152941176471
0.345437 -2.03152941176471
0.345491 -2.03152941176471
0.345544 -2.05047058823529
0.345597 -2.06941176470588
0.34565 -2.06941176470588
0.345704 -2.08835294117647
0.345757 -2.08835294117647
0.34581 -2.05041176470588
0.345864 -2.03147058823529
0.345917 -2.06941176470588
0.34597 -2.06941176470588
0.346024 -2.06941176470588
0.346077 -2.06941176470588
0.34613 -2.06941176470588
0.346183 -2.06941176470588
0.346237 -2.08835294117647
0.34629 -2.10729411764706
0.346343 -2.08835294117647
0.346397 -2.08835294117647
0.34645 -2.06941176470588
0.346503 -2.08835294117647
0.346557 -2.08835294117647
0.34661 -2.08835294117647
0.346663 -2.10729411764706
0.346716 -2.10729411764706
0.34677 -2.03147058823529
0.346823 -2.01247058823529
0.346876 -2.01247058823529
0.34693 -2.03141176470588
0.346983 -2.06929411764706
0.347036 -2.14511764705882
0.34709 -2.12611764705882
0.347143 -2.14505882352941
0.347196 -2.14505882352941
0.347249 -2.14505882352941
0.347303 -2.164
0.347356 -2.18294117647059
0.347409 -2.20188235294118
0.347463 -2.164
0.347516 -2.12611764705882
0.347569 -2.10717647058824
0.347623 -2.12611764705882
0.347676 -2.10717647058824
0.347729 -2.08817647058824
0.347782 -2.12611764705882
0.347836 -2.12611764705882
0.347889 -2.14505882352941
0.347942 -2.12611764705882
0.347996 -2.12611764705882
0.348049 -2.16405882352941
0.348102 -2.14511764705882
0.348156 -2.14511764705882
0.348209 -2.10723529411765
0.348262 -2.08829411764706
0.348315 -2.08829411764706
0.348369 -2.10723529411765
0.348422 -2.10723529411765
0.348475 -2.12623529411765
0.348529 -2.14517647058824
0.348582 -2.202
0.348635 -2.221
0.348689 -2.20205882352941
0.348742 -2.20205882352941
0.348795 -2.18311764705882
0.348848 -2.16411764705882
0.348902 -2.14517647058824
0.348955 -2.12623529411765
0.349008 -2.14517647058824
0.349062 -2.14517647058824
0.349115 -2.14517647058824
0.349168 -2.12623529411765
0.349222 -2.14523529411765
0.349275 -2.18311764705882
0.349328 -2.20205882352941
0.349381 -2.24
0.349435 -2.27794117647059
0.349488 -2.29688235294118
0.349541 -2.259
0.349595 -2.18317647058824
0.349648 -2.14529411764706
0.349701 -2.16429411764706
0.349755 -2.16429411764706
0.349808 -2.18323529411765
0.349861 -2.16423529411765
0.349914 -2.20211764705882
0.349968 -2.22105882352941
0.350021 -2.22105882352941
0.350074 -2.24
0.350128 -2.22105882352941
0.350181 -2.20211764705882
0.350234 -2.16423529411765
0.350288 -2.12629411764706
0.350341 -2.12629411764706
0.350394 -2.10735294117647
0.350447 -2.06941176470588
0.350501 -2.08835294117647
0.350554 -2.08835294117647
0.350607 -2.10729411764706
0.350661 -2.08835294117647
0.350714 -2.10729411764706
0.350767 -2.08835294117647
0.350821 -2.08835294117647
0.350874 -2.05047058823529
0.350927 -2.03152941176471
0.35098 -2.01258823529412
0.351034 -1.97464705882353
0.351087 -1.97464705882353
0.35114 -1.97464705882353
0.351194 -1.91776470588235
0.351247 -1.86260606060606
0.3513 -1.8644375
0.351354 -1.88716129032258
0.351407 -1.93286666666667
0.35146 -1.95951724137931
0.351513 -1.919
0.351567 -1.92325925925926
0.35162 -1.90307692307692
0.351673 -1.88128
0.351727 -1.85766666666667
0.35178 -1.832
0.351833 -1.86254545454545
0.351887 -1.86533333333333
0.35194 -1.8684
0.351993 -1.87178947368421
0.352046 -1.91133333333333
